"","name","arms","campain","triplicat","plate_number","orientation","open_close","site_names","island"
"1","RODARMS1_02D","RODARMS1A","RODARMS","RODARMS1","2","B","o","Rivière_Banane","Rodrigues"
"2","RODARMS1_02U","RODARMS1A","RODARMS","RODARMS1","2","T","c","Rivière_Banane","Rodrigues"
"3","RODARMS1_03D","RODARMS1A","RODARMS","RODARMS1","3","B","c","Rivière_Banane","Rodrigues"
"4","RODARMS1_03U","RODARMS1A","RODARMS","RODARMS1","3","T","o","Rivière_Banane","Rodrigues"
"5","RODARMS1_04D","RODARMS1A","RODARMS","RODARMS1","4","B","o","Rivière_Banane","Rodrigues"
"6","RODARMS1_04U","RODARMS1A","RODARMS","RODARMS1","4","T","c","Rivière_Banane","Rodrigues"
"7","RODARMS1_05D","RODARMS1A","RODARMS","RODARMS1","5","B","c","Rivière_Banane","Rodrigues"
"8","RODARMS1_05U","RODARMS1A","RODARMS","RODARMS1","5","T","o","Rivière_Banane","Rodrigues"
"9","RODARMS1_06D","RODARMS1A","RODARMS","RODARMS1","6","B","o","Rivière_Banane","Rodrigues"
"10","RODARMS1_06U","RODARMS1A","RODARMS","RODARMS1","6","T","c","Rivière_Banane","Rodrigues"
"11","RODARMS1_07D","RODARMS1A","RODARMS","RODARMS1","7","B","c","Rivière_Banane","Rodrigues"
"12","RODARMS1_07U","RODARMS1A","RODARMS","RODARMS1","7","T","o","Rivière_Banane","Rodrigues"
"13","RODARMS1_08D","RODARMS1A","RODARMS","RODARMS1","8","B","o","Rivière_Banane","Rodrigues"
"14","RODARMS1_08U","RODARMS1A","RODARMS","RODARMS1","8","T","c","Rivière_Banane","Rodrigues"
"15","RODARMS1_09D","RODARMS1A","RODARMS","RODARMS1","9","B","c","Rivière_Banane","Rodrigues"
"16","RODARMS1_09U","RODARMS1A","RODARMS","RODARMS1","9","T","o","Rivière_Banane","Rodrigues"
"17","RODARMS2_02D","RODARMS1B","RODARMS","RODARMS1","2","B","o","Rivière_Banane","Rodrigues"
"18","RODARMS2_02U","RODARMS1B","RODARMS","RODARMS1","2","T","c","Rivière_Banane","Rodrigues"
"19","RODARMS2_03D","RODARMS1B","RODARMS","RODARMS1","3","B","c","Rivière_Banane","Rodrigues"
"20","RODARMS2_03U","RODARMS1B","RODARMS","RODARMS1","3","T","o","Rivière_Banane","Rodrigues"
"21","RODARMS2_04D","RODARMS1B","RODARMS","RODARMS1","4","B","o","Rivière_Banane","Rodrigues"
"22","RODARMS2_04U","RODARMS1B","RODARMS","RODARMS1","4","T","c","Rivière_Banane","Rodrigues"
"23","RODARMS2_05D","RODARMS1B","RODARMS","RODARMS1","5","B","c","Rivière_Banane","Rodrigues"
"24","RODARMS2_05U","RODARMS1B","RODARMS","RODARMS1","5","T","o","Rivière_Banane","Rodrigues"
"25","RODARMS2_06D","RODARMS1B","RODARMS","RODARMS1","6","B","o","Rivière_Banane","Rodrigues"
"26","RODARMS2_06U","RODARMS1B","RODARMS","RODARMS1","6","T","c","Rivière_Banane","Rodrigues"
"27","RODARMS2_07D","RODARMS1B","RODARMS","RODARMS1","7","B","c","Rivière_Banane","Rodrigues"
"28","RODARMS2_07U","RODARMS1B","RODARMS","RODARMS1","7","T","o","Rivière_Banane","Rodrigues"
"29","RODARMS2_08D","RODARMS1B","RODARMS","RODARMS1","8","B","o","Rivière_Banane","Rodrigues"
"30","RODARMS2_08U","RODARMS1B","RODARMS","RODARMS1","8","T","c","Rivière_Banane","Rodrigues"
"31","RODARMS2_09D","RODARMS1B","RODARMS","RODARMS1","9","B","c","Rivière_Banane","Rodrigues"
"32","RODARMS2_09U","RODARMS1B","RODARMS","RODARMS1","9","T","o","Rivière_Banane","Rodrigues"
"33","RODARMS3_02D","RODARMS1C","RODARMS","RODARMS1","2","B","o","Rivière_Banane","Rodrigues"
"34","RODARMS3_02U","RODARMS1C","RODARMS","RODARMS1","2","T","c","Rivière_Banane","Rodrigues"
"35","RODARMS3_03D","RODARMS1C","RODARMS","RODARMS1","3","B","c","Rivière_Banane","Rodrigues"
"36","RODARMS3_03U","RODARMS1C","RODARMS","RODARMS1","3","T","o","Rivière_Banane","Rodrigues"
"37","RODARMS3_04D","RODARMS1C","RODARMS","RODARMS1","4","B","o","Rivière_Banane","Rodrigues"
"38","RODARMS3_04U","RODARMS1C","RODARMS","RODARMS1","4","T","c","Rivière_Banane","Rodrigues"
"39","RODARMS3_05D","RODARMS1C","RODARMS","RODARMS1","5","B","c","Rivière_Banane","Rodrigues"
"40","RODARMS3_05U","RODARMS1C","RODARMS","RODARMS1","5","T","o","Rivière_Banane","Rodrigues"
"41","RODARMS3_06D","RODARMS1C","RODARMS","RODARMS1","6","B","o","Rivière_Banane","Rodrigues"
"42","RODARMS3_06U","RODARMS1C","RODARMS","RODARMS1","6","T","c","Rivière_Banane","Rodrigues"
"43","RODARMS3_07D","RODARMS1C","RODARMS","RODARMS1","7","B","c","Rivière_Banane","Rodrigues"
"44","RODARMS3_07U","RODARMS1C","RODARMS","RODARMS1","7","T","o","Rivière_Banane","Rodrigues"
"45","RODARMS3_08D","RODARMS1C","RODARMS","RODARMS1","8","B","o","Rivière_Banane","Rodrigues"
"46","RODARMS3_08U","RODARMS1C","RODARMS","RODARMS1","8","T","c","Rivière_Banane","Rodrigues"
"47","RODARMS3_09D","RODARMS1C","RODARMS","RODARMS1","9","B","c","Rivière_Banane","Rodrigues"
"48","RODARMS3_09U","RODARMS1C","RODARMS","RODARMS1","9","T","o","Rivière_Banane","Rodrigues"
"49","RODARMS4_02D","RODARMS2A","RODARMS","RODARMS2","2","B","o","Ile_aux_Fous","Rodrigues"
"50","RODARMS4_02U","RODARMS2A","RODARMS","RODARMS2","2","T","c","Ile_aux_Fous","Rodrigues"
"51","RODARMS4_03D","RODARMS2A","RODARMS","RODARMS2","3","B","c","Ile_aux_Fous","Rodrigues"
"52","RODARMS4_03U","RODARMS2A","RODARMS","RODARMS2","3","T","o","Ile_aux_Fous","Rodrigues"
"53","RODARMS4_04D","RODARMS2A","RODARMS","RODARMS2","4","B","o","Ile_aux_Fous","Rodrigues"
"54","RODARMS4_04U","RODARMS2A","RODARMS","RODARMS2","4","T","c","Ile_aux_Fous","Rodrigues"
"55","RODARMS4_05D","RODARMS2A","RODARMS","RODARMS2","5","B","c","Ile_aux_Fous","Rodrigues"
"56","RODARMS4_05U","RODARMS2A","RODARMS","RODARMS2","5","T","o","Ile_aux_Fous","Rodrigues"
"57","RODARMS4_06D","RODARMS2A","RODARMS","RODARMS2","6","B","o","Ile_aux_Fous","Rodrigues"
"58","RODARMS4_06U","RODARMS2A","RODARMS","RODARMS2","6","T","c","Ile_aux_Fous","Rodrigues"
"59","RODARMS4_07D","RODARMS2A","RODARMS","RODARMS2","7","B","c","Ile_aux_Fous","Rodrigues"
"60","RODARMS4_07U","RODARMS2A","RODARMS","RODARMS2","7","T","o","Ile_aux_Fous","Rodrigues"
"61","RODARMS4_08D","RODARMS2A","RODARMS","RODARMS2","8","B","o","Ile_aux_Fous","Rodrigues"
"62","RODARMS4_08U","RODARMS2A","RODARMS","RODARMS2","8","T","c","Ile_aux_Fous","Rodrigues"
"63","RODARMS4_09D","RODARMS2A","RODARMS","RODARMS2","9","B","c","Ile_aux_Fous","Rodrigues"
"64","RODARMS4_09U","RODARMS2A","RODARMS","RODARMS2","9","T","o","Ile_aux_Fous","Rodrigues"
"65","RODARMS5_02D","RODARMS2B","RODARMS","RODARMS2","2","B","o","Ile_aux_Fous","Rodrigues"
"66","RODARMS5_02U","RODARMS2B","RODARMS","RODARMS2","2","T","c","Ile_aux_Fous","Rodrigues"
"67","RODARMS5_03D","RODARMS2B","RODARMS","RODARMS2","3","B","c","Ile_aux_Fous","Rodrigues"
"68","RODARMS5_03U","RODARMS2B","RODARMS","RODARMS2","3","T","o","Ile_aux_Fous","Rodrigues"
"69","RODARMS5_04D","RODARMS2B","RODARMS","RODARMS2","4","B","o","Ile_aux_Fous","Rodrigues"
"70","RODARMS5_04U","RODARMS2B","RODARMS","RODARMS2","4","T","c","Ile_aux_Fous","Rodrigues"
"71","RODARMS5_05D","RODARMS2B","RODARMS","RODARMS2","5","B","c","Ile_aux_Fous","Rodrigues"
"72","RODARMS5_05U","RODARMS2B","RODARMS","RODARMS2","5","T","o","Ile_aux_Fous","Rodrigues"
"73","RODARMS5_06D","RODARMS2B","RODARMS","RODARMS2","6","B","o","Ile_aux_Fous","Rodrigues"
"74","RODARMS5_06U","RODARMS2B","RODARMS","RODARMS2","6","T","c","Ile_aux_Fous","Rodrigues"
"75","RODARMS5_07D","RODARMS2B","RODARMS","RODARMS2","7","B","c","Ile_aux_Fous","Rodrigues"
"76","RODARMS5_07U","RODARMS2B","RODARMS","RODARMS2","7","T","o","Ile_aux_Fous","Rodrigues"
"77","RODARMS5_08D","RODARMS2B","RODARMS","RODARMS2","8","B","o","Ile_aux_Fous","Rodrigues"
"78","RODARMS5_08U","RODARMS2B","RODARMS","RODARMS2","8","T","c","Ile_aux_Fous","Rodrigues"
"79","RODARMS5_09D","RODARMS2B","RODARMS","RODARMS2","9","B","c","Ile_aux_Fous","Rodrigues"
"80","RODARMS5_09U","RODARMS2B","RODARMS","RODARMS2","9","T","o","Ile_aux_Fous","Rodrigues"
"81","RODARMS6_02D","RODARMS2C","RODARMS","RODARMS2","2","B","o","Ile_aux_Fous","Rodrigues"
"82","RODARMS6_02U","RODARMS2C","RODARMS","RODARMS2","2","T","c","Ile_aux_Fous","Rodrigues"
"83","RODARMS6_03D","RODARMS2C","RODARMS","RODARMS2","3","B","c","Ile_aux_Fous","Rodrigues"
"84","RODARMS6_03U","RODARMS2C","RODARMS","RODARMS2","3","T","o","Ile_aux_Fous","Rodrigues"
"85","RODARMS6_04D","RODARMS2C","RODARMS","RODARMS2","4","B","o","Ile_aux_Fous","Rodrigues"
"86","RODARMS6_04U","RODARMS2C","RODARMS","RODARMS2","4","T","c","Ile_aux_Fous","Rodrigues"
"87","RODARMS6_05D","RODARMS2C","RODARMS","RODARMS2","5","B","c","Ile_aux_Fous","Rodrigues"
"88","RODARMS6_05U","RODARMS2C","RODARMS","RODARMS2","5","T","o","Ile_aux_Fous","Rodrigues"
"89","RODARMS6_06D","RODARMS2C","RODARMS","RODARMS2","6","B","o","Ile_aux_Fous","Rodrigues"
"90","RODARMS6_06U","RODARMS2C","RODARMS","RODARMS2","6","T","c","Ile_aux_Fous","Rodrigues"
"91","RODARMS6_07D","RODARMS2C","RODARMS","RODARMS2","7","B","c","Ile_aux_Fous","Rodrigues"
"92","RODARMS6_07U","RODARMS2C","RODARMS","RODARMS2","7","T","o","Ile_aux_Fous","Rodrigues"
"93","RODARMS6_08D","RODARMS2C","RODARMS","RODARMS2","8","B","o","Ile_aux_Fous","Rodrigues"
"94","RODARMS6_08U","RODARMS2C","RODARMS","RODARMS2","8","T","c","Ile_aux_Fous","Rodrigues"
"95","RODARMS6_09D","RODARMS2C","RODARMS","RODARMS2","9","B","c","Ile_aux_Fous","Rodrigues"
"96","RODARMS6_09U","RODARMS2C","RODARMS","RODARMS2","9","T","o","Ile_aux_Fous","Rodrigues"
"97","RODARMS7_01D","RODARMS3A","RODARMS","RODARMS3","1","B","o","Grand_Pate","Rodrigues"
"98","RODARMS7_01U","RODARMS3A","RODARMS","RODARMS3","1","T","o","Grand_Pate","Rodrigues"
"99","RODARMS7_02D","RODARMS3A","RODARMS","RODARMS3","2","B","o","Grand_Pate","Rodrigues"
"100","RODARMS7_02U","RODARMS3A","RODARMS","RODARMS3","2","T","c","Grand_Pate","Rodrigues"
"101","RODARMS7_03D","RODARMS3A","RODARMS","RODARMS3","3","B","c","Grand_Pate","Rodrigues"
"102","RODARMS7_03U","RODARMS3A","RODARMS","RODARMS3","3","T","o","Grand_Pate","Rodrigues"
"103","RODARMS7_04D","RODARMS3A","RODARMS","RODARMS3","4","B","o","Grand_Pate","Rodrigues"
"104","RODARMS7_04U","RODARMS3A","RODARMS","RODARMS3","4","T","c","Grand_Pate","Rodrigues"
"105","RODARMS7_05D","RODARMS3A","RODARMS","RODARMS3","5","B","c","Grand_Pate","Rodrigues"
"106","RODARMS7_05U","RODARMS3A","RODARMS","RODARMS3","5","T","o","Grand_Pate","Rodrigues"
"107","RODARMS7_06D","RODARMS3A","RODARMS","RODARMS3","6","B","o","Grand_Pate","Rodrigues"
"108","RODARMS7_06U","RODARMS3A","RODARMS","RODARMS3","6","T","c","Grand_Pate","Rodrigues"
"109","RODARMS7_07D","RODARMS3A","RODARMS","RODARMS3","7","B","c","Grand_Pate","Rodrigues"
"110","RODARMS7_07U","RODARMS3A","RODARMS","RODARMS3","7","T","o","Grand_Pate","Rodrigues"
"111","RODARMS7_08D","RODARMS3A","RODARMS","RODARMS3","8","B","o","Grand_Pate","Rodrigues"
"112","RODARMS7_08U","RODARMS3A","RODARMS","RODARMS3","8","T","c","Grand_Pate","Rodrigues"
"113","RODARMS7_09D","RODARMS3A","RODARMS","RODARMS3","9","B","c","Grand_Pate","Rodrigues"
"114","RODARMS7_09U","RODARMS3A","RODARMS","RODARMS3","9","T","o","Grand_Pate","Rodrigues"
"115","RODARMS7_10D","RODARMS3A","RODARMS","RODARMS3","10","B","o","Grand_Pate","Rodrigues"
"116","RODARMS8_01D","RODARMS3B","RODARMS","RODARMS3","1","B","o","Grand_Pate","Rodrigues"
"117","RODARMS8_01U","RODARMS3B","RODARMS","RODARMS3","1","T","o","Grand_Pate","Rodrigues"
"118","RODARMS8_02D","RODARMS3B","RODARMS","RODARMS3","2","B","o","Grand_Pate","Rodrigues"
"119","RODARMS8_02U","RODARMS3B","RODARMS","RODARMS3","2","T","c","Grand_Pate","Rodrigues"
"120","RODARMS8_03D","RODARMS3B","RODARMS","RODARMS3","3","B","c","Grand_Pate","Rodrigues"
"121","RODARMS8_03U","RODARMS3B","RODARMS","RODARMS3","3","T","o","Grand_Pate","Rodrigues"
"122","RODARMS8_04D","RODARMS3B","RODARMS","RODARMS3","4","B","o","Grand_Pate","Rodrigues"
"123","RODARMS8_04U","RODARMS3B","RODARMS","RODARMS3","4","T","c","Grand_Pate","Rodrigues"
"124","RODARMS8_05D","RODARMS3B","RODARMS","RODARMS3","5","B","c","Grand_Pate","Rodrigues"
"125","RODARMS8_05U","RODARMS3B","RODARMS","RODARMS3","5","T","o","Grand_Pate","Rodrigues"
"126","RODARMS8_06D","RODARMS3B","RODARMS","RODARMS3","6","B","o","Grand_Pate","Rodrigues"
"127","RODARMS8_06U","RODARMS3B","RODARMS","RODARMS3","6","T","c","Grand_Pate","Rodrigues"
"128","RODARMS8_07D","RODARMS3B","RODARMS","RODARMS3","7","B","c","Grand_Pate","Rodrigues"
"129","RODARMS8_07U","RODARMS3B","RODARMS","RODARMS3","7","T","o","Grand_Pate","Rodrigues"
"130","RODARMS8_08D","RODARMS3B","RODARMS","RODARMS3","8","B","o","Grand_Pate","Rodrigues"
"131","RODARMS8_08U","RODARMS3B","RODARMS","RODARMS3","8","T","c","Grand_Pate","Rodrigues"
"132","RODARMS8_09D","RODARMS3B","RODARMS","RODARMS3","9","B","c","Grand_Pate","Rodrigues"
"133","RODARMS8_09U","RODARMS3B","RODARMS","RODARMS3","9","T","o","Grand_Pate","Rodrigues"
"134","RODARMS8_10D","RODARMS3B","RODARMS","RODARMS3","10","B","o","Grand_Pate","Rodrigues"
"135","P50ARMS1A_1T","P50ARMS1A","P50ARMS","P50ARMS1","1","T","c","Cap_Houssaye","Reunion"
"136","P50ARMS1A_2B","P50ARMS1A","P50ARMS","P50ARMS1","2","B","c","Cap_Houssaye","Reunion"
"137","P50ARMS1A_2T","P50ARMS1A","P50ARMS","P50ARMS1","2","T","o","Cap_Houssaye","Reunion"
"138","P50ARMS1A_3B","P50ARMS1A","P50ARMS","P50ARMS1","3","B","o","Cap_Houssaye","Reunion"
"139","P50ARMS1A_3T","P50ARMS1A","P50ARMS","P50ARMS1","3","T","c","Cap_Houssaye","Reunion"
"140","P50ARMS1A_4B","P50ARMS1A","P50ARMS","P50ARMS1","4","B","c","Cap_Houssaye","Reunion"
"141","P50ARMS1A_4T","P50ARMS1A","P50ARMS","P50ARMS1","4","T","o","Cap_Houssaye","Reunion"
"142","P50ARMS1A_5B","P50ARMS1A","P50ARMS","P50ARMS1","5","B","o","Cap_Houssaye","Reunion"
"143","P50ARMS1A_5T","P50ARMS1A","P50ARMS","P50ARMS1","5","T","c","Cap_Houssaye","Reunion"
"144","P50ARMS1A_6B","P50ARMS1A","P50ARMS","P50ARMS1","6","B","c","Cap_Houssaye","Reunion"
"145","P50ARMS1A_6T","P50ARMS1A","P50ARMS","P50ARMS1","6","T","o","Cap_Houssaye","Reunion"
"146","P50ARMS1A_7B","P50ARMS1A","P50ARMS","P50ARMS1","7","B","o","Cap_Houssaye","Reunion"
"147","P50ARMS1A_7T","P50ARMS1A","P50ARMS","P50ARMS1","7","T","c","Cap_Houssaye","Reunion"
"148","P50ARMS1A_8B","P50ARMS1A","P50ARMS","P50ARMS1","8","B","c","Cap_Houssaye","Reunion"
"149","P50ARMS1A_8T","P50ARMS1A","P50ARMS","P50ARMS1","8","T","o","Cap_Houssaye","Reunion"
"150","P50ARMS1A_9B","P50ARMS1A","P50ARMS","P50ARMS1","9","B","o","Cap_Houssaye","Reunion"
"151","P50ARMS1B_1T","P50ARMS1B","P50ARMS","P50ARMS1","1","T","c","Cap_Houssaye","Reunion"
"152","P50ARMS1B_2B","P50ARMS1B","P50ARMS","P50ARMS1","2","B","c","Cap_Houssaye","Reunion"
"153","P50ARMS1B_2T","P50ARMS1B","P50ARMS","P50ARMS1","2","T","o","Cap_Houssaye","Reunion"
"154","P50ARMS1B_3B","P50ARMS1B","P50ARMS","P50ARMS1","3","B","o","Cap_Houssaye","Reunion"
"155","P50ARMS1B_3T","P50ARMS1B","P50ARMS","P50ARMS1","3","T","c","Cap_Houssaye","Reunion"
"156","P50ARMS1B_4B","P50ARMS1B","P50ARMS","P50ARMS1","4","B","c","Cap_Houssaye","Reunion"
"157","P50ARMS1B_4T","P50ARMS1B","P50ARMS","P50ARMS1","4","T","o","Cap_Houssaye","Reunion"
"158","P50ARMS1B_5B","P50ARMS1B","P50ARMS","P50ARMS1","5","B","o","Cap_Houssaye","Reunion"
"159","P50ARMS1B_5T","P50ARMS1B","P50ARMS","P50ARMS1","5","T","c","Cap_Houssaye","Reunion"
"160","P50ARMS1B_6B","P50ARMS1B","P50ARMS","P50ARMS1","6","B","c","Cap_Houssaye","Reunion"
"161","P50ARMS1B_6T","P50ARMS1B","P50ARMS","P50ARMS1","6","T","o","Cap_Houssaye","Reunion"
"162","P50ARMS1B_7B","P50ARMS1B","P50ARMS","P50ARMS1","7","B","o","Cap_Houssaye","Reunion"
"163","P50ARMS1B_7T","P50ARMS1B","P50ARMS","P50ARMS1","7","T","c","Cap_Houssaye","Reunion"
"164","P50ARMS1B_8B","P50ARMS1B","P50ARMS","P50ARMS1","8","B","c","Cap_Houssaye","Reunion"
"165","P50ARMS1B_8T","P50ARMS1B","P50ARMS","P50ARMS1","8","T","o","Cap_Houssaye","Reunion"
"166","P50ARMS1B_9B","P50ARMS1B","P50ARMS","P50ARMS1","9","B","o","Cap_Houssaye","Reunion"
"167","P50ARMS1C_1T","P50ARMS1C","P50ARMS","P50ARMS1","1","T","c","Cap_Houssaye","Reunion"
"168","P50ARMS1C_2B","P50ARMS1C","P50ARMS","P50ARMS1","2","B","c","Cap_Houssaye","Reunion"
"169","P50ARMS1C_2T","P50ARMS1C","P50ARMS","P50ARMS1","2","T","o","Cap_Houssaye","Reunion"
"170","P50ARMS1C_3B","P50ARMS1C","P50ARMS","P50ARMS1","3","B","o","Cap_Houssaye","Reunion"
"171","P50ARMS1C_3T","P50ARMS1C","P50ARMS","P50ARMS1","3","T","c","Cap_Houssaye","Reunion"
"172","P50ARMS1C_4B","P50ARMS1C","P50ARMS","P50ARMS1","4","B","c","Cap_Houssaye","Reunion"
"173","P50ARMS1C_4T","P50ARMS1C","P50ARMS","P50ARMS1","4","T","o","Cap_Houssaye","Reunion"
"174","P50ARMS1C_5B","P50ARMS1C","P50ARMS","P50ARMS1","5","B","o","Cap_Houssaye","Reunion"
"175","P50ARMS1C_5T","P50ARMS1C","P50ARMS","P50ARMS1","5","T","c","Cap_Houssaye","Reunion"
"176","P50ARMS1C_6B","P50ARMS1C","P50ARMS","P50ARMS1","6","B","c","Cap_Houssaye","Reunion"
"177","P50ARMS1C_6T","P50ARMS1C","P50ARMS","P50ARMS1","6","T","o","Cap_Houssaye","Reunion"
"178","P50ARMS1C_7B","P50ARMS1C","P50ARMS","P50ARMS1","7","B","o","Cap_Houssaye","Reunion"
"179","P50ARMS1C_7T","P50ARMS1C","P50ARMS","P50ARMS1","7","T","c","Cap_Houssaye","Reunion"
"180","P50ARMS1C_8B","P50ARMS1C","P50ARMS","P50ARMS1","8","B","c","Cap_Houssaye","Reunion"
"181","P50ARMS1C_8T","P50ARMS1C","P50ARMS","P50ARMS1","8","T","o","Cap_Houssaye","Reunion"
"182","P50ARMS1C_9B","P50ARMS1C","P50ARMS","P50ARMS1","9","B","o","Cap_Houssaye","Reunion"
"183","P50ARMS2A_1T","P50ARMS2A","P50ARMS","P50ARMS2","1","T","c","Saint_Leu","Reunion"
"184","P50ARMS2A_2B","P50ARMS2A","P50ARMS","P50ARMS2","2","B","c","Saint_Leu","Reunion"
"185","P50ARMS2A_2T","P50ARMS2A","P50ARMS","P50ARMS2","2","T","o","Saint_Leu","Reunion"
"186","P50ARMS2A_3B","P50ARMS2A","P50ARMS","P50ARMS2","3","B","o","Saint_Leu","Reunion"
"187","P50ARMS2A_3T","P50ARMS2A","P50ARMS","P50ARMS2","3","T","c","Saint_Leu","Reunion"
"188","P50ARMS2A_4B","P50ARMS2A","P50ARMS","P50ARMS2","4","B","c","Saint_Leu","Reunion"
"189","P50ARMS2A_4T","P50ARMS2A","P50ARMS","P50ARMS2","4","T","o","Saint_Leu","Reunion"
"190","P50ARMS2A_5B","P50ARMS2A","P50ARMS","P50ARMS2","5","B","o","Saint_Leu","Reunion"
"191","P50ARMS2A_5T","P50ARMS2A","P50ARMS","P50ARMS2","5","T","c","Saint_Leu","Reunion"
"192","P50ARMS2A_6B","P50ARMS2A","P50ARMS","P50ARMS2","6","B","c","Saint_Leu","Reunion"
"193","P50ARMS2A_6T","P50ARMS2A","P50ARMS","P50ARMS2","6","T","o","Saint_Leu","Reunion"
"194","P50ARMS2A_7B","P50ARMS2A","P50ARMS","P50ARMS2","7","B","o","Saint_Leu","Reunion"
"195","P50ARMS2A_7T","P50ARMS2A","P50ARMS","P50ARMS2","7","T","c","Saint_Leu","Reunion"
"196","P50ARMS2A_8B","P50ARMS2A","P50ARMS","P50ARMS2","8","B","c","Saint_Leu","Reunion"
"197","P50ARMS2A_8T","P50ARMS2A","P50ARMS","P50ARMS2","8","T","o","Saint_Leu","Reunion"
"198","P50ARMS2A_9B","P50ARMS2A","P50ARMS","P50ARMS2","9","B","o","Saint_Leu","Reunion"
"199","P50ARMS2B_1T","P50ARMS2B","P50ARMS","P50ARMS2","1","T","c","Saint_Leu","Reunion"
"200","P50ARMS2B_2B","P50ARMS2B","P50ARMS","P50ARMS2","2","B","c","Saint_Leu","Reunion"
"201","P50ARMS2B_2T","P50ARMS2B","P50ARMS","P50ARMS2","2","T","o","Saint_Leu","Reunion"
"202","P50ARMS2B_3B","P50ARMS2B","P50ARMS","P50ARMS2","3","B","o","Saint_Leu","Reunion"
"203","P50ARMS2B_3T","P50ARMS2B","P50ARMS","P50ARMS2","3","T","c","Saint_Leu","Reunion"
"204","P50ARMS2B_4B","P50ARMS2B","P50ARMS","P50ARMS2","4","B","c","Saint_Leu","Reunion"
"205","P50ARMS2B_4T","P50ARMS2B","P50ARMS","P50ARMS2","4","T","o","Saint_Leu","Reunion"
"206","P50ARMS2B_5B","P50ARMS2B","P50ARMS","P50ARMS2","5","B","o","Saint_Leu","Reunion"
"207","P50ARMS2B_5T","P50ARMS2B","P50ARMS","P50ARMS2","5","T","c","Saint_Leu","Reunion"
"208","P50ARMS2B_6B","P50ARMS2B","P50ARMS","P50ARMS2","6","B","c","Saint_Leu","Reunion"
"209","P50ARMS2B_6T","P50ARMS2B","P50ARMS","P50ARMS2","6","T","o","Saint_Leu","Reunion"
"210","P50ARMS2B_7B","P50ARMS2B","P50ARMS","P50ARMS2","7","B","o","Saint_Leu","Reunion"
"211","P50ARMS2B_7T","P50ARMS2B","P50ARMS","P50ARMS2","7","T","c","Saint_Leu","Reunion"
"212","P50ARMS2B_8B","P50ARMS2B","P50ARMS","P50ARMS2","8","B","c","Saint_Leu","Reunion"
"213","P50ARMS2B_8T","P50ARMS2B","P50ARMS","P50ARMS2","8","T","o","Saint_Leu","Reunion"
"214","P50ARMS2B_9B","P50ARMS2B","P50ARMS","P50ARMS2","9","B","o","Saint_Leu","Reunion"
"215","P50ARMS2C_1T","P50ARMS2C","P50ARMS","P50ARMS2","1","T","c","Saint_Leu","Reunion"
"216","P50ARMS2C_2B","P50ARMS2C","P50ARMS","P50ARMS2","2","B","c","Saint_Leu","Reunion"
"217","P50ARMS2C_2T","P50ARMS2C","P50ARMS","P50ARMS2","2","T","o","Saint_Leu","Reunion"
"218","P50ARMS2C_3B","P50ARMS2C","P50ARMS","P50ARMS2","3","B","o","Saint_Leu","Reunion"
"219","P50ARMS2C_3T","P50ARMS2C","P50ARMS","P50ARMS2","3","T","c","Saint_Leu","Reunion"
"220","P50ARMS2C_4B","P50ARMS2C","P50ARMS","P50ARMS2","4","B","c","Saint_Leu","Reunion"
"221","P50ARMS2C_4T","P50ARMS2C","P50ARMS","P50ARMS2","4","T","o","Saint_Leu","Reunion"
"222","P50ARMS2C_5B","P50ARMS2C","P50ARMS","P50ARMS2","5","B","o","Saint_Leu","Reunion"
"223","P50ARMS2C_5T","P50ARMS2C","P50ARMS","P50ARMS2","5","T","c","Saint_Leu","Reunion"
"224","P50ARMS2C_6B","P50ARMS2C","P50ARMS","P50ARMS2","6","B","c","Saint_Leu","Reunion"
"225","P50ARMS2C_6T","P50ARMS2C","P50ARMS","P50ARMS2","6","T","o","Saint_Leu","Reunion"
"226","P50ARMS2C_7B","P50ARMS2C","P50ARMS","P50ARMS2","7","B","o","Saint_Leu","Reunion"
"227","P50ARMS2C_7T","P50ARMS2C","P50ARMS","P50ARMS2","7","T","c","Saint_Leu","Reunion"
"228","P50ARMS2C_8B","P50ARMS2C","P50ARMS","P50ARMS2","8","B","c","Saint_Leu","Reunion"
"229","P50ARMS2C_8T","P50ARMS2C","P50ARMS","P50ARMS2","8","T","o","Saint_Leu","Reunion"
"230","P50ARMS2C_9B","P50ARMS2C","P50ARMS","P50ARMS2","9","B","o","Saint_Leu","Reunion"
"231","P50ARMS3A_1T","P50ARMS3A","P50ARMS","P50ARMS3","1","T","c","Grand_Bois","Reunion"
"232","P50ARMS3A_2B","P50ARMS3A","P50ARMS","P50ARMS3","2","B","c","Grand_Bois","Reunion"
"233","P50ARMS3A_2T","P50ARMS3A","P50ARMS","P50ARMS3","2","T","o","Grand_Bois","Reunion"
"234","P50ARMS3A_3B","P50ARMS3A","P50ARMS","P50ARMS3","3","B","o","Grand_Bois","Reunion"
"235","P50ARMS3A_3T","P50ARMS3A","P50ARMS","P50ARMS3","3","T","c","Grand_Bois","Reunion"
"236","P50ARMS3A_4B","P50ARMS3A","P50ARMS","P50ARMS3","4","B","c","Grand_Bois","Reunion"
"237","P50ARMS3A_4T","P50ARMS3A","P50ARMS","P50ARMS3","4","T","o","Grand_Bois","Reunion"
"238","P50ARMS3A_5B","P50ARMS3A","P50ARMS","P50ARMS3","5","B","o","Grand_Bois","Reunion"
"239","P50ARMS3A_5T","P50ARMS3A","P50ARMS","P50ARMS3","5","T","c","Grand_Bois","Reunion"
"240","P50ARMS3A_6B","P50ARMS3A","P50ARMS","P50ARMS3","6","B","c","Grand_Bois","Reunion"
"241","P50ARMS3A_6T","P50ARMS3A","P50ARMS","P50ARMS3","6","T","o","Grand_Bois","Reunion"
"242","P50ARMS3A_7B","P50ARMS3A","P50ARMS","P50ARMS3","7","B","o","Grand_Bois","Reunion"
"243","P50ARMS3A_7T","P50ARMS3A","P50ARMS","P50ARMS3","7","T","c","Grand_Bois","Reunion"
"244","P50ARMS3A_8B","P50ARMS3A","P50ARMS","P50ARMS3","8","B","c","Grand_Bois","Reunion"
"245","P50ARMS3A_8T","P50ARMS3A","P50ARMS","P50ARMS3","8","T","o","Grand_Bois","Reunion"
"246","P50ARMS3A_9B","P50ARMS3A","P50ARMS","P50ARMS3","9","B","o","Grand_Bois","Reunion"
"247","P50ARMS3B_1T","P50ARMS3B","P50ARMS","P50ARMS3","1","T","c","Grand_Bois","Reunion"
"248","P50ARMS3B_2B","P50ARMS3B","P50ARMS","P50ARMS3","2","B","c","Grand_Bois","Reunion"
"249","P50ARMS3B_2T","P50ARMS3B","P50ARMS","P50ARMS3","2","T","o","Grand_Bois","Reunion"
"250","P50ARMS3B_3B","P50ARMS3B","P50ARMS","P50ARMS3","3","B","o","Grand_Bois","Reunion"
"251","P50ARMS3B_3T","P50ARMS3B","P50ARMS","P50ARMS3","3","T","c","Grand_Bois","Reunion"
"252","P50ARMS3B_4B","P50ARMS3B","P50ARMS","P50ARMS3","4","B","c","Grand_Bois","Reunion"
"253","P50ARMS3B_4T","P50ARMS3B","P50ARMS","P50ARMS3","4","T","o","Grand_Bois","Reunion"
"254","P50ARMS3B_5B","P50ARMS3B","P50ARMS","P50ARMS3","5","B","o","Grand_Bois","Reunion"
"255","P50ARMS3B_5T","P50ARMS3B","P50ARMS","P50ARMS3","5","T","c","Grand_Bois","Reunion"
"256","P50ARMS3B_6B","P50ARMS3B","P50ARMS","P50ARMS3","6","B","c","Grand_Bois","Reunion"
"257","P50ARMS3B_6T","P50ARMS3B","P50ARMS","P50ARMS3","6","T","o","Grand_Bois","Reunion"
"258","P50ARMS3B_7B","P50ARMS3B","P50ARMS","P50ARMS3","7","B","o","Grand_Bois","Reunion"
"259","P50ARMS3B_7T","P50ARMS3B","P50ARMS","P50ARMS3","7","T","c","Grand_Bois","Reunion"
"260","P50ARMS3B_8B","P50ARMS3B","P50ARMS","P50ARMS3","8","B","c","Grand_Bois","Reunion"
"261","P50ARMS3B_8T","P50ARMS3B","P50ARMS","P50ARMS3","8","T","o","Grand_Bois","Reunion"
"262","P50ARMS3B_9B","P50ARMS3B","P50ARMS","P50ARMS3","9","B","o","Grand_Bois","Reunion"
"263","P50ARMS3C_1T","P50ARMS3C","P50ARMS","P50ARMS3","1","T","c","Grand_Bois","Reunion"
"264","P50ARMS3C_2B","P50ARMS3C","P50ARMS","P50ARMS3","2","B","c","Grand_Bois","Reunion"
"265","P50ARMS3C_2T","P50ARMS3C","P50ARMS","P50ARMS3","2","T","o","Grand_Bois","Reunion"
"266","P50ARMS3C_3B","P50ARMS3C","P50ARMS","P50ARMS3","3","B","o","Grand_Bois","Reunion"
"267","P50ARMS3C_3T","P50ARMS3C","P50ARMS","P50ARMS3","3","T","c","Grand_Bois","Reunion"
"268","P50ARMS3C_4B","P50ARMS3C","P50ARMS","P50ARMS3","4","B","c","Grand_Bois","Reunion"
"269","P50ARMS3C_4T","P50ARMS3C","P50ARMS","P50ARMS3","4","T","o","Grand_Bois","Reunion"
"270","P50ARMS3C_5B","P50ARMS3C","P50ARMS","P50ARMS3","5","B","o","Grand_Bois","Reunion"
"271","P50ARMS3C_5T","P50ARMS3C","P50ARMS","P50ARMS3","5","T","c","Grand_Bois","Reunion"
"272","P50ARMS3C_6B","P50ARMS3C","P50ARMS","P50ARMS3","6","B","c","Grand_Bois","Reunion"
"273","P50ARMS3C_6T","P50ARMS3C","P50ARMS","P50ARMS3","6","T","o","Grand_Bois","Reunion"
"274","P50ARMS3C_7B","P50ARMS3C","P50ARMS","P50ARMS3","7","B","o","Grand_Bois","Reunion"
"275","P50ARMS3C_7T","P50ARMS3C","P50ARMS","P50ARMS3","7","T","c","Grand_Bois","Reunion"
"276","P50ARMS3C_8B","P50ARMS3C","P50ARMS","P50ARMS3","8","B","c","Grand_Bois","Reunion"
"277","P50ARMS3C_8T","P50ARMS3C","P50ARMS","P50ARMS3","8","T","o","Grand_Bois","Reunion"
"278","P50ARMS3C_9B","P50ARMS3C","P50ARMS","P50ARMS3","9","B","o","Grand_Bois","Reunion"
"279","RUNARMS1A_1T","RUNARMS1A","RUNARMS","RUNARMS1","1","T","c","Cap_Houssaye","Reunion"
"280","RUNARMS1A_2B","RUNARMS1A","RUNARMS","RUNARMS1","2","B","c","Cap_Houssaye","Reunion"
"281","RUNARMS1A_2T","RUNARMS1A","RUNARMS","RUNARMS1","2","T","o","Cap_Houssaye","Reunion"
"282","RUNARMS1A_3B","RUNARMS1A","RUNARMS","RUNARMS1","3","B","o","Cap_Houssaye","Reunion"
"283","RUNARMS1A_3T","RUNARMS1A","RUNARMS","RUNARMS1","3","T","c","Cap_Houssaye","Reunion"
"284","RUNARMS1A_4B","RUNARMS1A","RUNARMS","RUNARMS1","4","B","c","Cap_Houssaye","Reunion"
"285","RUNARMS1A_4T","RUNARMS1A","RUNARMS","RUNARMS1","4","T","o","Cap_Houssaye","Reunion"
"286","RUNARMS1A_5B","RUNARMS1A","RUNARMS","RUNARMS1","5","B","o","Cap_Houssaye","Reunion"
"287","RUNARMS1A_5T","RUNARMS1A","RUNARMS","RUNARMS1","5","T","c","Cap_Houssaye","Reunion"
"288","RUNARMS1A_6B","RUNARMS1A","RUNARMS","RUNARMS1","6","B","c","Cap_Houssaye","Reunion"
"289","RUNARMS1A_6T","RUNARMS1A","RUNARMS","RUNARMS1","6","T","o","Cap_Houssaye","Reunion"
"290","RUNARMS1A_7B","RUNARMS1A","RUNARMS","RUNARMS1","7","B","o","Cap_Houssaye","Reunion"
"291","RUNARMS1A_7T","RUNARMS1A","RUNARMS","RUNARMS1","7","T","c","Cap_Houssaye","Reunion"
"292","RUNARMS1A_8B","RUNARMS1A","RUNARMS","RUNARMS1","8","B","c","Cap_Houssaye","Reunion"
"293","RUNARMS1A_8T","RUNARMS1A","RUNARMS","RUNARMS1","8","T","o","Cap_Houssaye","Reunion"
"294","RUNARMS1A_9B","RUNARMS1A","RUNARMS","RUNARMS1","9","B","o","Cap_Houssaye","Reunion"
"295","RUNARMS1B_1T","RUNARMS1B","RUNARMS","RUNARMS1","1","T","c","Cap_Houssaye","Reunion"
"296","RUNARMS1B_2B","RUNARMS1B","RUNARMS","RUNARMS1","2","B","c","Cap_Houssaye","Reunion"
"297","RUNARMS1B_2T","RUNARMS1B","RUNARMS","RUNARMS1","2","T","o","Cap_Houssaye","Reunion"
"298","RUNARMS1B_3B","RUNARMS1B","RUNARMS","RUNARMS1","3","B","o","Cap_Houssaye","Reunion"
"299","RUNARMS1B_3T","RUNARMS1B","RUNARMS","RUNARMS1","3","T","c","Cap_Houssaye","Reunion"
"300","RUNARMS1B_4B","RUNARMS1B","RUNARMS","RUNARMS1","4","B","c","Cap_Houssaye","Reunion"
"301","RUNARMS1B_4T","RUNARMS1B","RUNARMS","RUNARMS1","4","T","o","Cap_Houssaye","Reunion"
"302","RUNARMS1B_5B","RUNARMS1B","RUNARMS","RUNARMS1","5","B","o","Cap_Houssaye","Reunion"
"303","RUNARMS1B_5T","RUNARMS1B","RUNARMS","RUNARMS1","5","T","c","Cap_Houssaye","Reunion"
"304","RUNARMS1B_6B","RUNARMS1B","RUNARMS","RUNARMS1","6","B","c","Cap_Houssaye","Reunion"
"305","RUNARMS1B_6T","RUNARMS1B","RUNARMS","RUNARMS1","6","T","o","Cap_Houssaye","Reunion"
"306","RUNARMS1B_7B","RUNARMS1B","RUNARMS","RUNARMS1","7","B","o","Cap_Houssaye","Reunion"
"307","RUNARMS1B_7T","RUNARMS1B","RUNARMS","RUNARMS1","7","T","c","Cap_Houssaye","Reunion"
"308","RUNARMS1B_8B","RUNARMS1B","RUNARMS","RUNARMS1","8","B","c","Cap_Houssaye","Reunion"
"309","RUNARMS1B_8T","RUNARMS1B","RUNARMS","RUNARMS1","8","T","o","Cap_Houssaye","Reunion"
"310","RUNARMS1B_9B","RUNARMS1B","RUNARMS","RUNARMS1","9","B","o","Cap_Houssaye","Reunion"
"311","RUNARMS1C_1T","RUNARMS1C","RUNARMS","RUNARMS1","1","T","c","Cap_Houssaye","Reunion"
"312","RUNARMS1C_2B","RUNARMS1C","RUNARMS","RUNARMS1","2","B","c","Cap_Houssaye","Reunion"
"313","RUNARMS1C_2T","RUNARMS1C","RUNARMS","RUNARMS1","2","T","o","Cap_Houssaye","Reunion"
"314","RUNARMS1C_3B","RUNARMS1C","RUNARMS","RUNARMS1","3","B","o","Cap_Houssaye","Reunion"
"315","RUNARMS1C_3T","RUNARMS1C","RUNARMS","RUNARMS1","3","T","c","Cap_Houssaye","Reunion"
"316","RUNARMS1C_4B","RUNARMS1C","RUNARMS","RUNARMS1","4","B","c","Cap_Houssaye","Reunion"
"317","RUNARMS1C_4T","RUNARMS1C","RUNARMS","RUNARMS1","4","T","o","Cap_Houssaye","Reunion"
"318","RUNARMS1C_5B","RUNARMS1C","RUNARMS","RUNARMS1","5","B","o","Cap_Houssaye","Reunion"
"319","RUNARMS1C_5T","RUNARMS1C","RUNARMS","RUNARMS1","5","T","c","Cap_Houssaye","Reunion"
"320","RUNARMS1C_6B","RUNARMS1C","RUNARMS","RUNARMS1","6","B","c","Cap_Houssaye","Reunion"
"321","RUNARMS1C_6T","RUNARMS1C","RUNARMS","RUNARMS1","6","T","o","Cap_Houssaye","Reunion"
"322","RUNARMS1C_7B","RUNARMS1C","RUNARMS","RUNARMS1","7","B","o","Cap_Houssaye","Reunion"
"323","RUNARMS1C_7T","RUNARMS1C","RUNARMS","RUNARMS1","7","T","c","Cap_Houssaye","Reunion"
"324","RUNARMS1C_8B","RUNARMS1C","RUNARMS","RUNARMS1","8","B","c","Cap_Houssaye","Reunion"
"325","RUNARMS1C_8T","RUNARMS1C","RUNARMS","RUNARMS1","8","T","o","Cap_Houssaye","Reunion"
"326","RUNARMS1C_9B","RUNARMS1C","RUNARMS","RUNARMS1","9","B","o","Cap_Houssaye","Reunion"
"327","RUNARMS2A_1T","RUNARMS2A","RUNARMS","RUNARMS2","1","T","c","Autre","Reunion"
"328","RUNARMS2A_2B","RUNARMS2A","RUNARMS","RUNARMS2","2","B","c","Autre","Reunion"
"329","RUNARMS2A_2T","RUNARMS2A","RUNARMS","RUNARMS2","2","T","o","Autre","Reunion"
"330","RUNARMS2A_3B","RUNARMS2A","RUNARMS","RUNARMS2","3","B","o","Autre","Reunion"
"331","RUNARMS2A_3T","RUNARMS2A","RUNARMS","RUNARMS2","3","T","c","Autre","Reunion"
"332","RUNARMS2A_4B","RUNARMS2A","RUNARMS","RUNARMS2","4","B","c","Autre","Reunion"
"333","RUNARMS2A_4T","RUNARMS2A","RUNARMS","RUNARMS2","4","T","o","Autre","Reunion"
"334","RUNARMS2A_5B","RUNARMS2A","RUNARMS","RUNARMS2","5","B","o","Autre","Reunion"
"335","RUNARMS2A_5T","RUNARMS2A","RUNARMS","RUNARMS2","5","T","c","Autre","Reunion"
"336","RUNARMS2A_6B","RUNARMS2A","RUNARMS","RUNARMS2","6","B","c","Autre","Reunion"
"337","RUNARMS2A_6T","RUNARMS2A","RUNARMS","RUNARMS2","6","T","o","Autre","Reunion"
"338","RUNARMS2A_7B","RUNARMS2A","RUNARMS","RUNARMS2","7","B","o","Autre","Reunion"
"339","RUNARMS2A_7T","RUNARMS2A","RUNARMS","RUNARMS2","7","T","c","Autre","Reunion"
"340","RUNARMS2A_8B","RUNARMS2A","RUNARMS","RUNARMS2","8","B","c","Autre","Reunion"
"341","RUNARMS2A_8T","RUNARMS2A","RUNARMS","RUNARMS2","8","T","o","Autre","Reunion"
"342","RUNARMS2A_9B","RUNARMS2A","RUNARMS","RUNARMS2","9","B","o","Autre","Reunion"
"343","RUNARMS2B_1T","RUNARMS2B","RUNARMS","RUNARMS2","1","T","c","Autre","Reunion"
"344","RUNARMS2B_2B","RUNARMS2B","RUNARMS","RUNARMS2","2","B","c","Autre","Reunion"
"345","RUNARMS2B_2T","RUNARMS2B","RUNARMS","RUNARMS2","2","T","o","Autre","Reunion"
"346","RUNARMS2B_3B","RUNARMS2B","RUNARMS","RUNARMS2","3","B","o","Autre","Reunion"
"347","RUNARMS2B_3T","RUNARMS2B","RUNARMS","RUNARMS2","3","T","c","Autre","Reunion"
"348","RUNARMS2B_4B","RUNARMS2B","RUNARMS","RUNARMS2","4","B","c","Autre","Reunion"
"349","RUNARMS2B_4T","RUNARMS2B","RUNARMS","RUNARMS2","4","T","o","Autre","Reunion"
"350","RUNARMS2B_5B","RUNARMS2B","RUNARMS","RUNARMS2","5","B","o","Autre","Reunion"
"351","RUNARMS2B_5T","RUNARMS2B","RUNARMS","RUNARMS2","5","T","c","Autre","Reunion"
"352","RUNARMS2B_6B","RUNARMS2B","RUNARMS","RUNARMS2","6","B","c","Autre","Reunion"
"353","RUNARMS2B_6T","RUNARMS2B","RUNARMS","RUNARMS2","6","T","o","Autre","Reunion"
"354","RUNARMS2B_7B","RUNARMS2B","RUNARMS","RUNARMS2","7","B","o","Autre","Reunion"
"355","RUNARMS2B_7T","RUNARMS2B","RUNARMS","RUNARMS2","7","T","c","Autre","Reunion"
"356","RUNARMS2B_8B","RUNARMS2B","RUNARMS","RUNARMS2","8","B","c","Autre","Reunion"
"357","RUNARMS2B_8T","RUNARMS2B","RUNARMS","RUNARMS2","8","T","o","Autre","Reunion"
"358","RUNARMS2B_9B","RUNARMS2B","RUNARMS","RUNARMS2","9","B","o","Autre","Reunion"
"359","RUNARMS2C_1T","RUNARMS2C","RUNARMS","RUNARMS2","1","T","c","Autre","Reunion"
"360","RUNARMS2C_2B","RUNARMS2C","RUNARMS","RUNARMS2","2","B","c","Autre","Reunion"
"361","RUNARMS2C_2T","RUNARMS2C","RUNARMS","RUNARMS2","2","T","o","Autre","Reunion"
"362","RUNARMS2C_3B","RUNARMS2C","RUNARMS","RUNARMS2","3","B","o","Autre","Reunion"
"363","RUNARMS2C_3T","RUNARMS2C","RUNARMS","RUNARMS2","3","T","c","Autre","Reunion"
"364","RUNARMS2C_4B","RUNARMS2C","RUNARMS","RUNARMS2","4","B","c","Autre","Reunion"
"365","RUNARMS2C_4T","RUNARMS2C","RUNARMS","RUNARMS2","4","T","o","Autre","Reunion"
"366","RUNARMS2C_5B","RUNARMS2C","RUNARMS","RUNARMS2","5","B","o","Autre","Reunion"
"367","RUNARMS2C_5T","RUNARMS2C","RUNARMS","RUNARMS2","5","T","c","Autre","Reunion"
"368","RUNARMS2C_6B","RUNARMS2C","RUNARMS","RUNARMS2","6","B","c","Autre","Reunion"
"369","RUNARMS2C_6T","RUNARMS2C","RUNARMS","RUNARMS2","6","T","o","Autre","Reunion"
"370","RUNARMS2C_7B","RUNARMS2C","RUNARMS","RUNARMS2","7","B","o","Autre","Reunion"
"371","RUNARMS2C_7T","RUNARMS2C","RUNARMS","RUNARMS2","7","T","c","Autre","Reunion"
"372","RUNARMS2C_8B","RUNARMS2C","RUNARMS","RUNARMS2","8","B","c","Autre","Reunion"
"373","RUNARMS2C_8T","RUNARMS2C","RUNARMS","RUNARMS2","8","T","o","Autre","Reunion"
"374","RUNARMS2C_9B","RUNARMS2C","RUNARMS","RUNARMS2","9","B","o","Autre","Reunion"
"375","RUNARMS3A_1T","RUNARMS3A","RUNARMS","RUNARMS3","1","T","c","Autre","Reunion"
"376","RUNARMS3A_2B","RUNARMS3A","RUNARMS","RUNARMS3","2","B","c","Autre","Reunion"
"377","RUNARMS3A_2T","RUNARMS3A","RUNARMS","RUNARMS3","2","T","o","Autre","Reunion"
"378","RUNARMS3A_3B","RUNARMS3A","RUNARMS","RUNARMS3","3","B","o","Autre","Reunion"
"379","RUNARMS3A_3T","RUNARMS3A","RUNARMS","RUNARMS3","3","T","c","Autre","Reunion"
"380","RUNARMS3A_4B","RUNARMS3A","RUNARMS","RUNARMS3","4","B","c","Autre","Reunion"
"381","RUNARMS3A_4T","RUNARMS3A","RUNARMS","RUNARMS3","4","T","o","Autre","Reunion"
"382","RUNARMS3A_5B","RUNARMS3A","RUNARMS","RUNARMS3","5","B","o","Autre","Reunion"
"383","RUNARMS3A_5T","RUNARMS3A","RUNARMS","RUNARMS3","5","T","c","Autre","Reunion"
"384","RUNARMS3A_6B","RUNARMS3A","RUNARMS","RUNARMS3","6","B","c","Autre","Reunion"
"385","RUNARMS3A_6T","RUNARMS3A","RUNARMS","RUNARMS3","6","T","o","Autre","Reunion"
"386","RUNARMS3A_7B","RUNARMS3A","RUNARMS","RUNARMS3","7","B","o","Autre","Reunion"
"387","RUNARMS3A_7T","RUNARMS3A","RUNARMS","RUNARMS3","7","T","c","Autre","Reunion"
"388","RUNARMS3A_8B","RUNARMS3A","RUNARMS","RUNARMS3","8","B","c","Autre","Reunion"
"389","RUNARMS3A_8T","RUNARMS3A","RUNARMS","RUNARMS3","8","T","o","Autre","Reunion"
"390","RUNARMS3A_9B","RUNARMS3A","RUNARMS","RUNARMS3","9","B","o","Autre","Reunion"
"391","RUNARMS3B_1T","RUNARMS3B","RUNARMS","RUNARMS3","1","T","c","Autre","Reunion"
"392","RUNARMS3B_2B","RUNARMS3B","RUNARMS","RUNARMS3","2","B","c","Autre","Reunion"
"393","RUNARMS3B_2T","RUNARMS3B","RUNARMS","RUNARMS3","2","T","o","Autre","Reunion"
"394","RUNARMS3B_3B","RUNARMS3B","RUNARMS","RUNARMS3","3","B","o","Autre","Reunion"
"395","RUNARMS3B_3T","RUNARMS3B","RUNARMS","RUNARMS3","3","T","c","Autre","Reunion"
"396","RUNARMS3B_4B","RUNARMS3B","RUNARMS","RUNARMS3","4","B","c","Autre","Reunion"
"397","RUNARMS3B_4T","RUNARMS3B","RUNARMS","RUNARMS3","4","T","o","Autre","Reunion"
"398","RUNARMS3B_5B","RUNARMS3B","RUNARMS","RUNARMS3","5","B","o","Autre","Reunion"
"399","RUNARMS3B_5T","RUNARMS3B","RUNARMS","RUNARMS3","5","T","c","Autre","Reunion"
"400","RUNARMS3B_6B","RUNARMS3B","RUNARMS","RUNARMS3","6","B","c","Autre","Reunion"
"401","RUNARMS3B_6T","RUNARMS3B","RUNARMS","RUNARMS3","6","T","o","Autre","Reunion"
"402","RUNARMS3B_7B","RUNARMS3B","RUNARMS","RUNARMS3","7","B","o","Autre","Reunion"
"403","RUNARMS3B_7T","RUNARMS3B","RUNARMS","RUNARMS3","7","T","c","Autre","Reunion"
"404","RUNARMS3B_8B","RUNARMS3B","RUNARMS","RUNARMS3","8","B","c","Autre","Reunion"
"405","RUNARMS3B_8T","RUNARMS3B","RUNARMS","RUNARMS3","8","T","o","Autre","Reunion"
"406","RUNARMS3B_9B","RUNARMS3B","RUNARMS","RUNARMS3","9","B","o","Autre","Reunion"
"407","RUNARMS3C_1T","RUNARMS3C","RUNARMS","RUNARMS3","1","T","c","Autre","Reunion"
"408","RUNARMS3C_2B","RUNARMS3C","RUNARMS","RUNARMS3","2","B","c","Autre","Reunion"
"409","RUNARMS3C_2T","RUNARMS3C","RUNARMS","RUNARMS3","2","T","o","Autre","Reunion"
"410","RUNARMS3C_3B","RUNARMS3C","RUNARMS","RUNARMS3","3","B","o","Autre","Reunion"
"411","RUNARMS3C_3T","RUNARMS3C","RUNARMS","RUNARMS3","3","T","c","Autre","Reunion"
"412","RUNARMS3C_4B","RUNARMS3C","RUNARMS","RUNARMS3","4","B","c","Autre","Reunion"
"413","RUNARMS3C_4T","RUNARMS3C","RUNARMS","RUNARMS3","4","T","o","Autre","Reunion"
"414","RUNARMS3C_5B","RUNARMS3C","RUNARMS","RUNARMS3","5","B","o","Autre","Reunion"
"415","RUNARMS3C_5T","RUNARMS3C","RUNARMS","RUNARMS3","5","T","c","Autre","Reunion"
"416","RUNARMS3C_6B","RUNARMS3C","RUNARMS","RUNARMS3","6","B","c","Autre","Reunion"
"417","RUNARMS3C_6T","RUNARMS3C","RUNARMS","RUNARMS3","6","T","o","Autre","Reunion"
"418","RUNARMS3C_7B","RUNARMS3C","RUNARMS","RUNARMS3","7","B","o","Autre","Reunion"
"419","RUNARMS3C_7T","RUNARMS3C","RUNARMS","RUNARMS3","7","T","c","Autre","Reunion"
"420","RUNARMS3C_8B","RUNARMS3C","RUNARMS","RUNARMS3","8","B","c","Autre","Reunion"
"421","RUNARMS3C_8T","RUNARMS3C","RUNARMS","RUNARMS3","8","T","o","Autre","Reunion"
"422","RUNARMS3C_9B","RUNARMS3C","RUNARMS","RUNARMS3","9","B","o","Autre","Reunion"
"423","RUNARMS4A_1T","RUNARMS4A","RUNARMS","RUNARMS4","1","T","c","Autre","Reunion"
"424","RUNARMS4A_2B","RUNARMS4A","RUNARMS","RUNARMS4","2","B","c","Autre","Reunion"
"425","RUNARMS4A_2T","RUNARMS4A","RUNARMS","RUNARMS4","2","T","o","Autre","Reunion"
"426","RUNARMS4A_3B","RUNARMS4A","RUNARMS","RUNARMS4","3","B","o","Autre","Reunion"
"427","RUNARMS4A_3T","RUNARMS4A","RUNARMS","RUNARMS4","3","T","c","Autre","Reunion"
"428","RUNARMS4A_4B","RUNARMS4A","RUNARMS","RUNARMS4","4","B","c","Autre","Reunion"
"429","RUNARMS4A_4T","RUNARMS4A","RUNARMS","RUNARMS4","4","T","o","Autre","Reunion"
"430","RUNARMS4A_5B","RUNARMS4A","RUNARMS","RUNARMS4","5","B","o","Autre","Reunion"
"431","RUNARMS4A_5T","RUNARMS4A","RUNARMS","RUNARMS4","5","T","c","Autre","Reunion"
"432","RUNARMS4A_6B","RUNARMS4A","RUNARMS","RUNARMS4","6","B","c","Autre","Reunion"
"433","RUNARMS4A_6T","RUNARMS4A","RUNARMS","RUNARMS4","6","T","o","Autre","Reunion"
"434","RUNARMS4A_7B","RUNARMS4A","RUNARMS","RUNARMS4","7","B","o","Autre","Reunion"
"435","RUNARMS4A_7T","RUNARMS4A","RUNARMS","RUNARMS4","7","T","c","Autre","Reunion"
"436","RUNARMS4A_8B","RUNARMS4A","RUNARMS","RUNARMS4","8","B","c","Autre","Reunion"
"437","RUNARMS4A_8T","RUNARMS4A","RUNARMS","RUNARMS4","8","T","o","Autre","Reunion"
"438","RUNARMS4A_9B","RUNARMS4A","RUNARMS","RUNARMS4","9","B","o","Autre","Reunion"
"439","RUNARMS4B_1T","RUNARMS4B","RUNARMS","RUNARMS4","1","T","c","Autre","Reunion"
"440","RUNARMS4B_2B","RUNARMS4B","RUNARMS","RUNARMS4","2","B","c","Autre","Reunion"
"441","RUNARMS4B_2T","RUNARMS4B","RUNARMS","RUNARMS4","2","T","o","Autre","Reunion"
"442","RUNARMS4B_3B","RUNARMS4B","RUNARMS","RUNARMS4","3","B","o","Autre","Reunion"
"443","RUNARMS4B_3T","RUNARMS4B","RUNARMS","RUNARMS4","3","T","c","Autre","Reunion"
"444","RUNARMS4B_4B","RUNARMS4B","RUNARMS","RUNARMS4","4","B","c","Autre","Reunion"
"445","RUNARMS4B_4T","RUNARMS4B","RUNARMS","RUNARMS4","4","T","o","Autre","Reunion"
"446","RUNARMS4B_5B","RUNARMS4B","RUNARMS","RUNARMS4","5","B","o","Autre","Reunion"
"447","RUNARMS4B_5T","RUNARMS4B","RUNARMS","RUNARMS4","5","T","c","Autre","Reunion"
"448","RUNARMS4B_6B","RUNARMS4B","RUNARMS","RUNARMS4","6","B","c","Autre","Reunion"
"449","RUNARMS4B_6T","RUNARMS4B","RUNARMS","RUNARMS4","6","T","o","Autre","Reunion"
"450","RUNARMS4B_7B","RUNARMS4B","RUNARMS","RUNARMS4","7","B","o","Autre","Reunion"
"451","RUNARMS4B_7T","RUNARMS4B","RUNARMS","RUNARMS4","7","T","c","Autre","Reunion"
"452","RUNARMS4B_8B","RUNARMS4B","RUNARMS","RUNARMS4","8","B","c","Autre","Reunion"
"453","RUNARMS4B_8T","RUNARMS4B","RUNARMS","RUNARMS4","8","T","o","Autre","Reunion"
"454","RUNARMS4B_9B","RUNARMS4B","RUNARMS","RUNARMS4","9","B","o","Autre","Reunion"
"455","RUNARMS4C_1T","RUNARMS4C","RUNARMS","RUNARMS4","1","T","c","Autre","Reunion"
"456","RUNARMS4C_2B","RUNARMS4C","RUNARMS","RUNARMS4","2","B","c","Autre","Reunion"
"457","RUNARMS4C_2T","RUNARMS4C","RUNARMS","RUNARMS4","2","T","o","Autre","Reunion"
"458","RUNARMS4C_3B","RUNARMS4C","RUNARMS","RUNARMS4","3","B","o","Autre","Reunion"
"459","RUNARMS4C_3T","RUNARMS4C","RUNARMS","RUNARMS4","3","T","c","Autre","Reunion"
"460","RUNARMS4C_4B","RUNARMS4C","RUNARMS","RUNARMS4","4","B","c","Autre","Reunion"
"461","RUNARMS4C_4T","RUNARMS4C","RUNARMS","RUNARMS4","4","T","o","Autre","Reunion"
"462","RUNARMS4C_5B","RUNARMS4C","RUNARMS","RUNARMS4","5","B","o","Autre","Reunion"
"463","RUNARMS4C_5T","RUNARMS4C","RUNARMS","RUNARMS4","5","T","c","Autre","Reunion"
"464","RUNARMS4C_6B","RUNARMS4C","RUNARMS","RUNARMS4","6","B","c","Autre","Reunion"
"465","RUNARMS4C_6T","RUNARMS4C","RUNARMS","RUNARMS4","6","T","o","Autre","Reunion"
"466","RUNARMS4C_7B","RUNARMS4C","RUNARMS","RUNARMS4","7","B","o","Autre","Reunion"
"467","RUNARMS4C_7T","RUNARMS4C","RUNARMS","RUNARMS4","7","T","c","Autre","Reunion"
"468","RUNARMS4C_8B","RUNARMS4C","RUNARMS","RUNARMS4","8","B","c","Autre","Reunion"
"469","RUNARMS4C_8T","RUNARMS4C","RUNARMS","RUNARMS4","8","T","o","Autre","Reunion"
"470","RUNARMS4C_9B","RUNARMS4C","RUNARMS","RUNARMS4","9","B","o","Autre","Reunion"
"471","RUNARMS5A_1T","RUNARMS5A","RUNARMS","RUNARMS5","1","T","c","Saint_Leu","Reunion"
"472","RUNARMS5A_2B","RUNARMS5A","RUNARMS","RUNARMS5","2","B","c","Saint_Leu","Reunion"
"473","RUNARMS5A_2T","RUNARMS5A","RUNARMS","RUNARMS5","2","T","o","Saint_Leu","Reunion"
"474","RUNARMS5A_3B","RUNARMS5A","RUNARMS","RUNARMS5","3","B","o","Saint_Leu","Reunion"
"475","RUNARMS5A_3T","RUNARMS5A","RUNARMS","RUNARMS5","3","T","c","Saint_Leu","Reunion"
"476","RUNARMS5A_4B","RUNARMS5A","RUNARMS","RUNARMS5","4","B","c","Saint_Leu","Reunion"
"477","RUNARMS5A_4T","RUNARMS5A","RUNARMS","RUNARMS5","4","T","o","Saint_Leu","Reunion"
"478","RUNARMS5A_5B","RUNARMS5A","RUNARMS","RUNARMS5","5","B","o","Saint_Leu","Reunion"
"479","RUNARMS5A_5T","RUNARMS5A","RUNARMS","RUNARMS5","5","T","c","Saint_Leu","Reunion"
"480","RUNARMS5A_6B","RUNARMS5A","RUNARMS","RUNARMS5","6","B","c","Saint_Leu","Reunion"
"481","RUNARMS5A_6T","RUNARMS5A","RUNARMS","RUNARMS5","6","T","o","Saint_Leu","Reunion"
"482","RUNARMS5A_7B","RUNARMS5A","RUNARMS","RUNARMS5","7","B","o","Saint_Leu","Reunion"
"483","RUNARMS5A_7T","RUNARMS5A","RUNARMS","RUNARMS5","7","T","c","Saint_Leu","Reunion"
"484","RUNARMS5A_8B","RUNARMS5A","RUNARMS","RUNARMS5","8","B","c","Saint_Leu","Reunion"
"485","RUNARMS5A_8T","RUNARMS5A","RUNARMS","RUNARMS5","8","T","o","Saint_Leu","Reunion"
"486","RUNARMS5A_9B","RUNARMS5A","RUNARMS","RUNARMS5","9","B","o","Saint_Leu","Reunion"
"487","RUNARMS5B_1T","RUNARMS5B","RUNARMS","RUNARMS5","1","T","c","Saint_Leu","Reunion"
"488","RUNARMS5B_2B","RUNARMS5B","RUNARMS","RUNARMS5","2","B","c","Saint_Leu","Reunion"
"489","RUNARMS5B_2T","RUNARMS5B","RUNARMS","RUNARMS5","2","T","o","Saint_Leu","Reunion"
"490","RUNARMS5B_3B","RUNARMS5B","RUNARMS","RUNARMS5","3","B","o","Saint_Leu","Reunion"
"491","RUNARMS5B_3T","RUNARMS5B","RUNARMS","RUNARMS5","3","T","c","Saint_Leu","Reunion"
"492","RUNARMS5B_4B","RUNARMS5B","RUNARMS","RUNARMS5","4","B","c","Saint_Leu","Reunion"
"493","RUNARMS5B_4T","RUNARMS5B","RUNARMS","RUNARMS5","4","T","o","Saint_Leu","Reunion"
"494","RUNARMS5B_5B","RUNARMS5B","RUNARMS","RUNARMS5","5","B","o","Saint_Leu","Reunion"
"495","RUNARMS5B_5T","RUNARMS5B","RUNARMS","RUNARMS5","5","T","c","Saint_Leu","Reunion"
"496","RUNARMS5B_6B","RUNARMS5B","RUNARMS","RUNARMS5","6","B","c","Saint_Leu","Reunion"
"497","RUNARMS5B_6T","RUNARMS5B","RUNARMS","RUNARMS5","6","T","o","Saint_Leu","Reunion"
"498","RUNARMS5B_7B","RUNARMS5B","RUNARMS","RUNARMS5","7","B","o","Saint_Leu","Reunion"
"499","RUNARMS5B_7T","RUNARMS5B","RUNARMS","RUNARMS5","7","T","c","Saint_Leu","Reunion"
"500","RUNARMS5B_8B","RUNARMS5B","RUNARMS","RUNARMS5","8","B","c","Saint_Leu","Reunion"
"501","RUNARMS5B_8T","RUNARMS5B","RUNARMS","RUNARMS5","8","T","o","Saint_Leu","Reunion"
"502","RUNARMS5B_9B","RUNARMS5B","RUNARMS","RUNARMS5","9","B","o","Saint_Leu","Reunion"
"503","RUNARMS5C_1T","RUNARMS5C","RUNARMS","RUNARMS5","1","T","c","Saint_Leu","Reunion"
"504","RUNARMS5C_2B","RUNARMS5C","RUNARMS","RUNARMS5","2","B","c","Saint_Leu","Reunion"
"505","RUNARMS5C_2T","RUNARMS5C","RUNARMS","RUNARMS5","2","T","o","Saint_Leu","Reunion"
"506","RUNARMS5C_3B","RUNARMS5C","RUNARMS","RUNARMS5","3","B","o","Saint_Leu","Reunion"
"507","RUNARMS5C_3T","RUNARMS5C","RUNARMS","RUNARMS5","3","T","c","Saint_Leu","Reunion"
"508","RUNARMS5C_4B","RUNARMS5C","RUNARMS","RUNARMS5","4","B","c","Saint_Leu","Reunion"
"509","RUNARMS5C_4T","RUNARMS5C","RUNARMS","RUNARMS5","4","T","o","Saint_Leu","Reunion"
"510","RUNARMS5C_5B","RUNARMS5C","RUNARMS","RUNARMS5","5","B","o","Saint_Leu","Reunion"
"511","RUNARMS5C_5T","RUNARMS5C","RUNARMS","RUNARMS5","5","T","c","Saint_Leu","Reunion"
"512","RUNARMS5C_6B","RUNARMS5C","RUNARMS","RUNARMS5","6","B","c","Saint_Leu","Reunion"
"513","RUNARMS5C_6T","RUNARMS5C","RUNARMS","RUNARMS5","6","T","o","Saint_Leu","Reunion"
"514","RUNARMS5C_7B","RUNARMS5C","RUNARMS","RUNARMS5","7","B","o","Saint_Leu","Reunion"
"515","RUNARMS5C_7T","RUNARMS5C","RUNARMS","RUNARMS5","7","T","c","Saint_Leu","Reunion"
"516","RUNARMS5C_8B","RUNARMS5C","RUNARMS","RUNARMS5","8","B","c","Saint_Leu","Reunion"
"517","RUNARMS5C_8T","RUNARMS5C","RUNARMS","RUNARMS5","8","T","o","Saint_Leu","Reunion"
"518","RUNARMS5C_9B","RUNARMS5C","RUNARMS","RUNARMS5","9","B","o","Saint_Leu","Reunion"
"519","RUNARMS6A_1T","RUNARMS6A","RUNARMS","RUNARMS6","1","T","c","Autre","Reunion"
"520","RUNARMS6A_2B","RUNARMS6A","RUNARMS","RUNARMS6","2","B","c","Autre","Reunion"
"521","RUNARMS6A_2T","RUNARMS6A","RUNARMS","RUNARMS6","2","T","o","Autre","Reunion"
"522","RUNARMS6A_3B","RUNARMS6A","RUNARMS","RUNARMS6","3","B","o","Autre","Reunion"
"523","RUNARMS6A_3T","RUNARMS6A","RUNARMS","RUNARMS6","3","T","c","Autre","Reunion"
"524","RUNARMS6A_4B","RUNARMS6A","RUNARMS","RUNARMS6","4","B","c","Autre","Reunion"
"525","RUNARMS6A_4T","RUNARMS6A","RUNARMS","RUNARMS6","4","T","o","Autre","Reunion"
"526","RUNARMS6A_5B","RUNARMS6A","RUNARMS","RUNARMS6","5","B","o","Autre","Reunion"
"527","RUNARMS6A_5T","RUNARMS6A","RUNARMS","RUNARMS6","5","T","c","Autre","Reunion"
"528","RUNARMS6A_6B","RUNARMS6A","RUNARMS","RUNARMS6","6","B","c","Autre","Reunion"
"529","RUNARMS6A_6T","RUNARMS6A","RUNARMS","RUNARMS6","6","T","o","Autre","Reunion"
"530","RUNARMS6A_7B","RUNARMS6A","RUNARMS","RUNARMS6","7","B","o","Autre","Reunion"
"531","RUNARMS6A_7T","RUNARMS6A","RUNARMS","RUNARMS6","7","T","c","Autre","Reunion"
"532","RUNARMS6A_8B","RUNARMS6A","RUNARMS","RUNARMS6","8","B","c","Autre","Reunion"
"533","RUNARMS6A_8T","RUNARMS6A","RUNARMS","RUNARMS6","8","T","o","Autre","Reunion"
"534","RUNARMS6A_9B","RUNARMS6A","RUNARMS","RUNARMS6","9","B","o","Autre","Reunion"
"535","RUNARMS6B_1T","RUNARMS6B","RUNARMS","RUNARMS6","1","T","c","Autre","Reunion"
"536","RUNARMS6B_2B","RUNARMS6B","RUNARMS","RUNARMS6","2","B","c","Autre","Reunion"
"537","RUNARMS6B_2T","RUNARMS6B","RUNARMS","RUNARMS6","2","T","o","Autre","Reunion"
"538","RUNARMS6B_3B","RUNARMS6B","RUNARMS","RUNARMS6","3","B","o","Autre","Reunion"
"539","RUNARMS6B_3T","RUNARMS6B","RUNARMS","RUNARMS6","3","T","c","Autre","Reunion"
"540","RUNARMS6B_4B","RUNARMS6B","RUNARMS","RUNARMS6","4","B","c","Autre","Reunion"
"541","RUNARMS6B_4T","RUNARMS6B","RUNARMS","RUNARMS6","4","T","o","Autre","Reunion"
"542","RUNARMS6B_5B","RUNARMS6B","RUNARMS","RUNARMS6","5","B","o","Autre","Reunion"
"543","RUNARMS6B_5T","RUNARMS6B","RUNARMS","RUNARMS6","5","T","c","Autre","Reunion"
"544","RUNARMS6B_6B","RUNARMS6B","RUNARMS","RUNARMS6","6","B","c","Autre","Reunion"
"545","RUNARMS6B_6T","RUNARMS6B","RUNARMS","RUNARMS6","6","T","o","Autre","Reunion"
"546","RUNARMS6B_7B","RUNARMS6B","RUNARMS","RUNARMS6","7","B","o","Autre","Reunion"
"547","RUNARMS6B_7T","RUNARMS6B","RUNARMS","RUNARMS6","7","T","c","Autre","Reunion"
"548","RUNARMS6B_8B","RUNARMS6B","RUNARMS","RUNARMS6","8","B","c","Autre","Reunion"
"549","RUNARMS6B_8T","RUNARMS6B","RUNARMS","RUNARMS6","8","T","o","Autre","Reunion"
"550","RUNARMS6B_9B","RUNARMS6B","RUNARMS","RUNARMS6","9","B","o","Autre","Reunion"
"551","RUNARMS6C_1T","RUNARMS6C","RUNARMS","RUNARMS6","1","T","c","Autre","Reunion"
"552","RUNARMS6C_2B","RUNARMS6C","RUNARMS","RUNARMS6","2","B","c","Autre","Reunion"
"553","RUNARMS6C_2T","RUNARMS6C","RUNARMS","RUNARMS6","2","T","o","Autre","Reunion"
"554","RUNARMS6C_3B","RUNARMS6C","RUNARMS","RUNARMS6","3","B","o","Autre","Reunion"
"555","RUNARMS6C_3T","RUNARMS6C","RUNARMS","RUNARMS6","3","T","c","Autre","Reunion"
"556","RUNARMS6C_4B","RUNARMS6C","RUNARMS","RUNARMS6","4","B","c","Autre","Reunion"
"557","RUNARMS6C_4T","RUNARMS6C","RUNARMS","RUNARMS6","4","T","o","Autre","Reunion"
"558","RUNARMS6C_5B","RUNARMS6C","RUNARMS","RUNARMS6","5","B","o","Autre","Reunion"
"559","RUNARMS6C_5T","RUNARMS6C","RUNARMS","RUNARMS6","5","T","c","Autre","Reunion"
"560","RUNARMS6C_6B","RUNARMS6C","RUNARMS","RUNARMS6","6","B","c","Autre","Reunion"
"561","RUNARMS6C_6T","RUNARMS6C","RUNARMS","RUNARMS6","6","T","o","Autre","Reunion"
"562","RUNARMS6C_7B","RUNARMS6C","RUNARMS","RUNARMS6","7","B","o","Autre","Reunion"
"563","RUNARMS6C_7T","RUNARMS6C","RUNARMS","RUNARMS6","7","T","c","Autre","Reunion"
"564","RUNARMS6C_8B","RUNARMS6C","RUNARMS","RUNARMS6","8","B","c","Autre","Reunion"
"565","RUNARMS6C_8T","RUNARMS6C","RUNARMS","RUNARMS6","8","T","o","Autre","Reunion"
"566","RUNARMS6C_9B","RUNARMS6C","RUNARMS","RUNARMS6","9","B","o","Autre","Reunion"
"567","RUNARMS7A_1T","RUNARMS7A","RUNARMS","RUNARMS7","1","T","c","Autre","Reunion"
"568","RUNARMS7A_2B","RUNARMS7A","RUNARMS","RUNARMS7","2","B","c","Autre","Reunion"
"569","RUNARMS7A_2T","RUNARMS7A","RUNARMS","RUNARMS7","2","T","o","Autre","Reunion"
"570","RUNARMS7A_3B","RUNARMS7A","RUNARMS","RUNARMS7","3","B","o","Autre","Reunion"
"571","RUNARMS7A_3T","RUNARMS7A","RUNARMS","RUNARMS7","3","T","c","Autre","Reunion"
"572","RUNARMS7A_4B","RUNARMS7A","RUNARMS","RUNARMS7","4","B","c","Autre","Reunion"
"573","RUNARMS7A_4T","RUNARMS7A","RUNARMS","RUNARMS7","4","T","o","Autre","Reunion"
"574","RUNARMS7A_5B","RUNARMS7A","RUNARMS","RUNARMS7","5","B","o","Autre","Reunion"
"575","RUNARMS7A_5T","RUNARMS7A","RUNARMS","RUNARMS7","5","T","c","Autre","Reunion"
"576","RUNARMS7A_6B","RUNARMS7A","RUNARMS","RUNARMS7","6","B","c","Autre","Reunion"
"577","RUNARMS7A_6T","RUNARMS7A","RUNARMS","RUNARMS7","6","T","o","Autre","Reunion"
"578","RUNARMS7A_7B","RUNARMS7A","RUNARMS","RUNARMS7","7","B","o","Autre","Reunion"
"579","RUNARMS7A_7T","RUNARMS7A","RUNARMS","RUNARMS7","7","T","c","Autre","Reunion"
"580","RUNARMS7A_8B","RUNARMS7A","RUNARMS","RUNARMS7","8","B","c","Autre","Reunion"
"581","RUNARMS7A_8T","RUNARMS7A","RUNARMS","RUNARMS7","8","T","o","Autre","Reunion"
"582","RUNARMS7A_9B","RUNARMS7A","RUNARMS","RUNARMS7","9","B","o","Autre","Reunion"
"583","RUNARMS7B_1T","RUNARMS7B","RUNARMS","RUNARMS7","1","T","c","Autre","Reunion"
"584","RUNARMS7B_2B","RUNARMS7B","RUNARMS","RUNARMS7","2","B","c","Autre","Reunion"
"585","RUNARMS7B_2T","RUNARMS7B","RUNARMS","RUNARMS7","2","T","o","Autre","Reunion"
"586","RUNARMS7B_3B","RUNARMS7B","RUNARMS","RUNARMS7","3","B","o","Autre","Reunion"
"587","RUNARMS7B_3T","RUNARMS7B","RUNARMS","RUNARMS7","3","T","c","Autre","Reunion"
"588","RUNARMS7B_4B","RUNARMS7B","RUNARMS","RUNARMS7","4","B","c","Autre","Reunion"
"589","RUNARMS7B_4T","RUNARMS7B","RUNARMS","RUNARMS7","4","T","o","Autre","Reunion"
"590","RUNARMS7B_5B","RUNARMS7B","RUNARMS","RUNARMS7","5","B","o","Autre","Reunion"
"591","RUNARMS7B_5T","RUNARMS7B","RUNARMS","RUNARMS7","5","T","c","Autre","Reunion"
"592","RUNARMS7B_6B","RUNARMS7B","RUNARMS","RUNARMS7","6","B","c","Autre","Reunion"
"593","RUNARMS7B_6T","RUNARMS7B","RUNARMS","RUNARMS7","6","T","o","Autre","Reunion"
"594","RUNARMS7B_7B","RUNARMS7B","RUNARMS","RUNARMS7","7","B","o","Autre","Reunion"
"595","RUNARMS7B_7T","RUNARMS7B","RUNARMS","RUNARMS7","7","T","c","Autre","Reunion"
"596","RUNARMS7B_8B","RUNARMS7B","RUNARMS","RUNARMS7","8","B","c","Autre","Reunion"
"597","RUNARMS7B_8T","RUNARMS7B","RUNARMS","RUNARMS7","8","T","o","Autre","Reunion"
"598","RUNARMS7B_9B","RUNARMS7B","RUNARMS","RUNARMS7","9","B","o","Autre","Reunion"
"599","RUNARMS7C_1T","RUNARMS7C","RUNARMS","RUNARMS7","1","T","c","Autre","Reunion"
"600","RUNARMS7C_2B","RUNARMS7C","RUNARMS","RUNARMS7","2","B","c","Autre","Reunion"
"601","RUNARMS7C_2T","RUNARMS7C","RUNARMS","RUNARMS7","2","T","o","Autre","Reunion"
"602","RUNARMS7C_3B","RUNARMS7C","RUNARMS","RUNARMS7","3","B","o","Autre","Reunion"
"603","RUNARMS7C_3T","RUNARMS7C","RUNARMS","RUNARMS7","3","T","c","Autre","Reunion"
"604","RUNARMS7C_4B","RUNARMS7C","RUNARMS","RUNARMS7","4","B","c","Autre","Reunion"
"605","RUNARMS7C_4T","RUNARMS7C","RUNARMS","RUNARMS7","4","T","o","Autre","Reunion"
"606","RUNARMS7C_5B","RUNARMS7C","RUNARMS","RUNARMS7","5","B","o","Autre","Reunion"
"607","RUNARMS7C_5T","RUNARMS7C","RUNARMS","RUNARMS7","5","T","c","Autre","Reunion"
"608","RUNARMS7C_6B","RUNARMS7C","RUNARMS","RUNARMS7","6","B","c","Autre","Reunion"
"609","RUNARMS7C_6T","RUNARMS7C","RUNARMS","RUNARMS7","6","T","o","Autre","Reunion"
"610","RUNARMS7C_7B","RUNARMS7C","RUNARMS","RUNARMS7","7","B","o","Autre","Reunion"
"611","RUNARMS7C_7T","RUNARMS7C","RUNARMS","RUNARMS7","7","T","c","Autre","Reunion"
"612","RUNARMS7C_8B","RUNARMS7C","RUNARMS","RUNARMS7","8","B","c","Autre","Reunion"
"613","RUNARMS7C_8T","RUNARMS7C","RUNARMS","RUNARMS7","8","T","o","Autre","Reunion"
"614","RUNARMS7C_9B","RUNARMS7C","RUNARMS","RUNARMS7","9","B","o","Autre","Reunion"
"615","RUNARMS8A_1T","RUNARMS8A","RUNARMS","RUNARMS8","1","T","c","Autre","Reunion"
"616","RUNARMS8A_2B","RUNARMS8A","RUNARMS","RUNARMS8","2","B","c","Autre","Reunion"
"617","RUNARMS8A_2T","RUNARMS8A","RUNARMS","RUNARMS8","2","T","o","Autre","Reunion"
"618","RUNARMS8A_3B","RUNARMS8A","RUNARMS","RUNARMS8","3","B","o","Autre","Reunion"
"619","RUNARMS8A_3T","RUNARMS8A","RUNARMS","RUNARMS8","3","T","c","Autre","Reunion"
"620","RUNARMS8A_4B","RUNARMS8A","RUNARMS","RUNARMS8","4","B","c","Autre","Reunion"
"621","RUNARMS8A_4T","RUNARMS8A","RUNARMS","RUNARMS8","4","T","o","Autre","Reunion"
"622","RUNARMS8A_5B","RUNARMS8A","RUNARMS","RUNARMS8","5","B","o","Autre","Reunion"
"623","RUNARMS8A_5T","RUNARMS8A","RUNARMS","RUNARMS8","5","T","c","Autre","Reunion"
"624","RUNARMS8A_6B","RUNARMS8A","RUNARMS","RUNARMS8","6","B","c","Autre","Reunion"
"625","RUNARMS8A_6T","RUNARMS8A","RUNARMS","RUNARMS8","6","T","o","Autre","Reunion"
"626","RUNARMS8A_7B","RUNARMS8A","RUNARMS","RUNARMS8","7","B","o","Autre","Reunion"
"627","RUNARMS8A_7T","RUNARMS8A","RUNARMS","RUNARMS8","7","T","c","Autre","Reunion"
"628","RUNARMS8A_8B","RUNARMS8A","RUNARMS","RUNARMS8","8","B","c","Autre","Reunion"
"629","RUNARMS8A_8T","RUNARMS8A","RUNARMS","RUNARMS8","8","T","o","Autre","Reunion"
"630","RUNARMS8A_9B","RUNARMS8A","RUNARMS","RUNARMS8","9","B","o","Autre","Reunion"
"631","RUNARMS8B_1T","RUNARMS8B","RUNARMS","RUNARMS8","1","T","c","Autre","Reunion"
"632","RUNARMS8B_2B","RUNARMS8B","RUNARMS","RUNARMS8","2","B","c","Autre","Reunion"
"633","RUNARMS8B_2T","RUNARMS8B","RUNARMS","RUNARMS8","2","T","o","Autre","Reunion"
"634","RUNARMS8B_3B","RUNARMS8B","RUNARMS","RUNARMS8","3","B","o","Autre","Reunion"
"635","RUNARMS8B_3T","RUNARMS8B","RUNARMS","RUNARMS8","3","T","c","Autre","Reunion"
"636","RUNARMS8B_4B","RUNARMS8B","RUNARMS","RUNARMS8","4","B","c","Autre","Reunion"
"637","RUNARMS8B_4T","RUNARMS8B","RUNARMS","RUNARMS8","4","T","o","Autre","Reunion"
"638","RUNARMS8B_5B","RUNARMS8B","RUNARMS","RUNARMS8","5","B","o","Autre","Reunion"
"639","RUNARMS8B_5T","RUNARMS8B","RUNARMS","RUNARMS8","5","T","c","Autre","Reunion"
"640","RUNARMS8B_6B","RUNARMS8B","RUNARMS","RUNARMS8","6","B","c","Autre","Reunion"
"641","RUNARMS8B_6T","RUNARMS8B","RUNARMS","RUNARMS8","6","T","o","Autre","Reunion"
"642","RUNARMS8B_7B","RUNARMS8B","RUNARMS","RUNARMS8","7","B","o","Autre","Reunion"
"643","RUNARMS8B_7T","RUNARMS8B","RUNARMS","RUNARMS8","7","T","c","Autre","Reunion"
"644","RUNARMS8B_8B","RUNARMS8B","RUNARMS","RUNARMS8","8","B","c","Autre","Reunion"
"645","RUNARMS8B_8T","RUNARMS8B","RUNARMS","RUNARMS8","8","T","o","Autre","Reunion"
"646","RUNARMS8B_9B","RUNARMS8B","RUNARMS","RUNARMS8","9","B","o","Autre","Reunion"
"647","RUNARMS8C_1T","RUNARMS8C","RUNARMS","RUNARMS8","1","T","c","Autre","Reunion"
"648","RUNARMS8C_2B","RUNARMS8C","RUNARMS","RUNARMS8","2","B","c","Autre","Reunion"
"649","RUNARMS8C_2T","RUNARMS8C","RUNARMS","RUNARMS8","2","T","o","Autre","Reunion"
"650","RUNARMS8C_3B","RUNARMS8C","RUNARMS","RUNARMS8","3","B","o","Autre","Reunion"
"651","RUNARMS8C_3T","RUNARMS8C","RUNARMS","RUNARMS8","3","T","c","Autre","Reunion"
"652","RUNARMS8C_4B","RUNARMS8C","RUNARMS","RUNARMS8","4","B","c","Autre","Reunion"
"653","RUNARMS8C_4T","RUNARMS8C","RUNARMS","RUNARMS8","4","T","o","Autre","Reunion"
"654","RUNARMS8C_5B","RUNARMS8C","RUNARMS","RUNARMS8","5","B","o","Autre","Reunion"
"655","RUNARMS8C_5T","RUNARMS8C","RUNARMS","RUNARMS8","5","T","c","Autre","Reunion"
"656","RUNARMS8C_6B","RUNARMS8C","RUNARMS","RUNARMS8","6","B","c","Autre","Reunion"
"657","RUNARMS8C_6T","RUNARMS8C","RUNARMS","RUNARMS8","6","T","o","Autre","Reunion"
"658","RUNARMS8C_7B","RUNARMS8C","RUNARMS","RUNARMS8","7","B","o","Autre","Reunion"
"659","RUNARMS8C_7T","RUNARMS8C","RUNARMS","RUNARMS8","7","T","c","Autre","Reunion"
"660","RUNARMS8C_8B","RUNARMS8C","RUNARMS","RUNARMS8","8","B","c","Autre","Reunion"
"661","RUNARMS8C_8T","RUNARMS8C","RUNARMS","RUNARMS8","8","T","o","Autre","Reunion"
"662","RUNARMS8C_9B","RUNARMS8C","RUNARMS","RUNARMS8","9","B","o","Autre","Reunion"
"663","RUNARMS9A_1T","RUNARMS9A","RUNARMS","RUNARMS9","1","T","c","Grand_Bois","Reunion"
"664","RUNARMS9A_2B","RUNARMS9A","RUNARMS","RUNARMS9","2","B","c","Grand_Bois","Reunion"
"665","RUNARMS9A_2T","RUNARMS9A","RUNARMS","RUNARMS9","2","T","o","Grand_Bois","Reunion"
"666","RUNARMS9A_3B","RUNARMS9A","RUNARMS","RUNARMS9","3","B","o","Grand_Bois","Reunion"
"667","RUNARMS9A_3T","RUNARMS9A","RUNARMS","RUNARMS9","3","T","c","Grand_Bois","Reunion"
"668","RUNARMS9A_4B","RUNARMS9A","RUNARMS","RUNARMS9","4","B","c","Grand_Bois","Reunion"
"669","RUNARMS9A_4T","RUNARMS9A","RUNARMS","RUNARMS9","4","T","o","Grand_Bois","Reunion"
"670","RUNARMS9A_5B","RUNARMS9A","RUNARMS","RUNARMS9","5","B","o","Grand_Bois","Reunion"
"671","RUNARMS9A_5T","RUNARMS9A","RUNARMS","RUNARMS9","5","T","c","Grand_Bois","Reunion"
"672","RUNARMS9A_6B","RUNARMS9A","RUNARMS","RUNARMS9","6","B","c","Grand_Bois","Reunion"
"673","RUNARMS9A_6T","RUNARMS9A","RUNARMS","RUNARMS9","6","T","o","Grand_Bois","Reunion"
"674","RUNARMS9A_7B","RUNARMS9A","RUNARMS","RUNARMS9","7","B","o","Grand_Bois","Reunion"
"675","RUNARMS9A_7T","RUNARMS9A","RUNARMS","RUNARMS9","7","T","c","Grand_Bois","Reunion"
"676","RUNARMS9A_8B","RUNARMS9A","RUNARMS","RUNARMS9","8","B","c","Grand_Bois","Reunion"
"677","RUNARMS9A_8T","RUNARMS9A","RUNARMS","RUNARMS9","8","T","o","Grand_Bois","Reunion"
"678","RUNARMS9A_9B","RUNARMS9A","RUNARMS","RUNARMS9","9","B","o","Grand_Bois","Reunion"
"679","RUNARMS9B_1T","RUNARMS9B","RUNARMS","RUNARMS9","1","T","c","Grand_Bois","Reunion"
"680","RUNARMS9B_2B","RUNARMS9B","RUNARMS","RUNARMS9","2","B","c","Grand_Bois","Reunion"
"681","RUNARMS9B_2T","RUNARMS9B","RUNARMS","RUNARMS9","2","T","o","Grand_Bois","Reunion"
"682","RUNARMS9B_3B","RUNARMS9B","RUNARMS","RUNARMS9","3","B","o","Grand_Bois","Reunion"
"683","RUNARMS9B_3T","RUNARMS9B","RUNARMS","RUNARMS9","3","T","c","Grand_Bois","Reunion"
"684","RUNARMS9B_4B","RUNARMS9B","RUNARMS","RUNARMS9","4","B","c","Grand_Bois","Reunion"
"685","RUNARMS9B_4T","RUNARMS9B","RUNARMS","RUNARMS9","4","T","o","Grand_Bois","Reunion"
"686","RUNARMS9B_5B","RUNARMS9B","RUNARMS","RUNARMS9","5","B","o","Grand_Bois","Reunion"
"687","RUNARMS9B_5T","RUNARMS9B","RUNARMS","RUNARMS9","5","T","c","Grand_Bois","Reunion"
"688","RUNARMS9B_6B","RUNARMS9B","RUNARMS","RUNARMS9","6","B","c","Grand_Bois","Reunion"
"689","RUNARMS9B_6T","RUNARMS9B","RUNARMS","RUNARMS9","6","T","o","Grand_Bois","Reunion"
"690","RUNARMS9B_7B","RUNARMS9B","RUNARMS","RUNARMS9","7","B","o","Grand_Bois","Reunion"
"691","RUNARMS9B_7T","RUNARMS9B","RUNARMS","RUNARMS9","7","T","c","Grand_Bois","Reunion"
"692","RUNARMS9B_8B","RUNARMS9B","RUNARMS","RUNARMS9","8","B","c","Grand_Bois","Reunion"
"693","RUNARMS9B_8T","RUNARMS9B","RUNARMS","RUNARMS9","8","T","o","Grand_Bois","Reunion"
"694","RUNARMS9B_9B","RUNARMS9B","RUNARMS","RUNARMS9","9","B","o","Grand_Bois","Reunion"
"695","RUNARMS9C_1T","RUNARMS9C","RUNARMS","RUNARMS9","1","T","c","Grand_Bois","Reunion"
"696","RUNARMS9C_2B","RUNARMS9C","RUNARMS","RUNARMS9","2","B","c","Grand_Bois","Reunion"
"697","RUNARMS9C_2T","RUNARMS9C","RUNARMS","RUNARMS9","2","T","o","Grand_Bois","Reunion"
"698","RUNARMS9C_3B","RUNARMS9C","RUNARMS","RUNARMS9","3","B","o","Grand_Bois","Reunion"
"699","RUNARMS9C_3T","RUNARMS9C","RUNARMS","RUNARMS9","3","T","c","Grand_Bois","Reunion"
"700","RUNARMS9C_4B","RUNARMS9C","RUNARMS","RUNARMS9","4","B","c","Grand_Bois","Reunion"
"701","RUNARMS9C_4T","RUNARMS9C","RUNARMS","RUNARMS9","4","T","o","Grand_Bois","Reunion"
"702","RUNARMS9C_5B","RUNARMS9C","RUNARMS","RUNARMS9","5","B","o","Grand_Bois","Reunion"
"703","RUNARMS9C_5T","RUNARMS9C","RUNARMS","RUNARMS9","5","T","c","Grand_Bois","Reunion"
"704","RUNARMS9C_6B","RUNARMS9C","RUNARMS","RUNARMS9","6","B","c","Grand_Bois","Reunion"
"705","RUNARMS9C_6T","RUNARMS9C","RUNARMS","RUNARMS9","6","T","o","Grand_Bois","Reunion"
"706","RUNARMS9C_7B","RUNARMS9C","RUNARMS","RUNARMS9","7","B","o","Grand_Bois","Reunion"
"707","RUNARMS9C_7T","RUNARMS9C","RUNARMS","RUNARMS9","7","T","c","Grand_Bois","Reunion"
"708","RUNARMS9C_8B","RUNARMS9C","RUNARMS","RUNARMS9","8","B","c","Grand_Bois","Reunion"
"709","RUNARMS9C_8T","RUNARMS9C","RUNARMS","RUNARMS9","8","T","o","Grand_Bois","Reunion"
"710","RUNARMS9C_9B","RUNARMS9C","RUNARMS","RUNARMS9","9","B","o","Grand_Bois","Reunion"
