"","name","arms","campain","triplicat","plate_number","orientation","open_close","site_names","island","comb","orientation_type"
"4","RODARMS1_02U","RODARMS1A","RODARMS","RODARMS1","2","T","c","Rivière_Banane","Rodrigues","2Tc","T_c"
"5","RODARMS1_03D","RODARMS1A","RODARMS","RODARMS1","3","B","c","Rivière_Banane","Rodrigues","3Bc","B_c"
"6","RODARMS1_03U","RODARMS1A","RODARMS","RODARMS1","3","T","o","Rivière_Banane","Rodrigues","3To","T_o"
"7","RODARMS1_04D","RODARMS1A","RODARMS","RODARMS1","4","B","o","Rivière_Banane","Rodrigues","4Bo","B_o"
"8","RODARMS1_04U","RODARMS1A","RODARMS","RODARMS1","4","T","c","Rivière_Banane","Rodrigues","4Tc","T_c"
"9","RODARMS1_05D","RODARMS1A","RODARMS","RODARMS1","5","B","c","Rivière_Banane","Rodrigues","5Bc","B_c"
"10","RODARMS1_05U","RODARMS1A","RODARMS","RODARMS1","5","T","o","Rivière_Banane","Rodrigues","5To","T_o"
"11","RODARMS1_06D","RODARMS1A","RODARMS","RODARMS1","6","B","o","Rivière_Banane","Rodrigues","6Bo","B_o"
"12","RODARMS1_06U","RODARMS1A","RODARMS","RODARMS1","6","T","c","Rivière_Banane","Rodrigues","6Tc","T_c"
"13","RODARMS1_07D","RODARMS1A","RODARMS","RODARMS1","7","B","c","Rivière_Banane","Rodrigues","7Bc","B_c"
"14","RODARMS1_07U","RODARMS1A","RODARMS","RODARMS1","7","T","o","Rivière_Banane","Rodrigues","7To","T_o"
"15","RODARMS1_08D","RODARMS1A","RODARMS","RODARMS1","8","B","o","Rivière_Banane","Rodrigues","8Bo","B_o"
"16","RODARMS1_08U","RODARMS1A","RODARMS","RODARMS1","8","T","c","Rivière_Banane","Rodrigues","8Tc","T_c"
"17","RODARMS1_09D","RODARMS1A","RODARMS","RODARMS1","9","B","c","Rivière_Banane","Rodrigues","9Bc","B_c"
"18","RODARMS1_09U","RODARMS1A","RODARMS","RODARMS1","9","T","o","Rivière_Banane","Rodrigues","9To","T_o"
"19","RODARMS1_10D","RODARMS1A","RODARMS","RODARMS1","10","B","o","Rivière_Banane","Rodrigues","10Bo","B_o"
"23","RODARMS2_02U","RODARMS1B","RODARMS","RODARMS1","2","T","c","Rivière_Banane","Rodrigues","2Tc","T_c"
"24","RODARMS2_03D","RODARMS1B","RODARMS","RODARMS1","3","B","c","Rivière_Banane","Rodrigues","3Bc","B_c"
"25","RODARMS2_03U","RODARMS1B","RODARMS","RODARMS1","3","T","o","Rivière_Banane","Rodrigues","3To","T_o"
"26","RODARMS2_04D","RODARMS1B","RODARMS","RODARMS1","4","B","o","Rivière_Banane","Rodrigues","4Bo","B_o"
"27","RODARMS2_04U","RODARMS1B","RODARMS","RODARMS1","4","T","c","Rivière_Banane","Rodrigues","4Tc","T_c"
"28","RODARMS2_05D","RODARMS1B","RODARMS","RODARMS1","5","B","c","Rivière_Banane","Rodrigues","5Bc","B_c"
"29","RODARMS2_05U","RODARMS1B","RODARMS","RODARMS1","5","T","o","Rivière_Banane","Rodrigues","5To","T_o"
"30","RODARMS2_06D","RODARMS1B","RODARMS","RODARMS1","6","B","o","Rivière_Banane","Rodrigues","6Bo","B_o"
"31","RODARMS2_06U","RODARMS1B","RODARMS","RODARMS1","6","T","c","Rivière_Banane","Rodrigues","6Tc","T_c"
"32","RODARMS2_07D","RODARMS1B","RODARMS","RODARMS1","7","B","c","Rivière_Banane","Rodrigues","7Bc","B_c"
"33","RODARMS2_07U","RODARMS1B","RODARMS","RODARMS1","7","T","o","Rivière_Banane","Rodrigues","7To","T_o"
"34","RODARMS2_08D","RODARMS1B","RODARMS","RODARMS1","8","B","o","Rivière_Banane","Rodrigues","8Bo","B_o"
"35","RODARMS2_08U","RODARMS1B","RODARMS","RODARMS1","8","T","c","Rivière_Banane","Rodrigues","8Tc","T_c"
"36","RODARMS2_09D","RODARMS1B","RODARMS","RODARMS1","9","B","c","Rivière_Banane","Rodrigues","9Bc","B_c"
"37","RODARMS2_09U","RODARMS1B","RODARMS","RODARMS1","9","T","o","Rivière_Banane","Rodrigues","9To","T_o"
"38","RODARMS2_10D","RODARMS1B","RODARMS","RODARMS1","10","B","o","Rivière_Banane","Rodrigues","10Bo","B_o"
"42","RODARMS3_02U","RODARMS1C","RODARMS","RODARMS1","2","T","c","Rivière_Banane","Rodrigues","2Tc","T_c"
"43","RODARMS3_03D","RODARMS1C","RODARMS","RODARMS1","3","B","c","Rivière_Banane","Rodrigues","3Bc","B_c"
"44","RODARMS3_03U","RODARMS1C","RODARMS","RODARMS1","3","T","o","Rivière_Banane","Rodrigues","3To","T_o"
"45","RODARMS3_04D","RODARMS1C","RODARMS","RODARMS1","4","B","o","Rivière_Banane","Rodrigues","4Bo","B_o"
"46","RODARMS3_04U","RODARMS1C","RODARMS","RODARMS1","4","T","c","Rivière_Banane","Rodrigues","4Tc","T_c"
"47","RODARMS3_05D","RODARMS1C","RODARMS","RODARMS1","5","B","c","Rivière_Banane","Rodrigues","5Bc","B_c"
"48","RODARMS3_05U","RODARMS1C","RODARMS","RODARMS1","5","T","o","Rivière_Banane","Rodrigues","5To","T_o"
"49","RODARMS3_06D","RODARMS1C","RODARMS","RODARMS1","6","B","o","Rivière_Banane","Rodrigues","6Bo","B_o"
"50","RODARMS3_06U","RODARMS1C","RODARMS","RODARMS1","6","T","c","Rivière_Banane","Rodrigues","6Tc","T_c"
"51","RODARMS3_07D","RODARMS1C","RODARMS","RODARMS1","7","B","c","Rivière_Banane","Rodrigues","7Bc","B_c"
"52","RODARMS3_07U","RODARMS1C","RODARMS","RODARMS1","7","T","o","Rivière_Banane","Rodrigues","7To","T_o"
"53","RODARMS3_08D","RODARMS1C","RODARMS","RODARMS1","8","B","o","Rivière_Banane","Rodrigues","8Bo","B_o"
"54","RODARMS3_08U","RODARMS1C","RODARMS","RODARMS1","8","T","c","Rivière_Banane","Rodrigues","8Tc","T_c"
"55","RODARMS3_09D","RODARMS1C","RODARMS","RODARMS1","9","B","c","Rivière_Banane","Rodrigues","9Bc","B_c"
"56","RODARMS3_09U","RODARMS1C","RODARMS","RODARMS1","9","T","o","Rivière_Banane","Rodrigues","9To","T_o"
"57","RODARMS3_10D","RODARMS1C","RODARMS","RODARMS1","10","B","o","Rivière_Banane","Rodrigues","10Bo","B_o"
"61","RODARMS4_02U","RODARMS2A","RODARMS","RODARMS2","2","T","c","Ile_aux_Fous","Rodrigues","2Tc","T_c"
"62","RODARMS4_03D","RODARMS2A","RODARMS","RODARMS2","3","B","c","Ile_aux_Fous","Rodrigues","3Bc","B_c"
"63","RODARMS4_03U","RODARMS2A","RODARMS","RODARMS2","3","T","o","Ile_aux_Fous","Rodrigues","3To","T_o"
"64","RODARMS4_04D","RODARMS2A","RODARMS","RODARMS2","4","B","o","Ile_aux_Fous","Rodrigues","4Bo","B_o"
"65","RODARMS4_04U","RODARMS2A","RODARMS","RODARMS2","4","T","c","Ile_aux_Fous","Rodrigues","4Tc","T_c"
"66","RODARMS4_05D","RODARMS2A","RODARMS","RODARMS2","5","B","c","Ile_aux_Fous","Rodrigues","5Bc","B_c"
"67","RODARMS4_05U","RODARMS2A","RODARMS","RODARMS2","5","T","o","Ile_aux_Fous","Rodrigues","5To","T_o"
"68","RODARMS4_06D","RODARMS2A","RODARMS","RODARMS2","6","B","o","Ile_aux_Fous","Rodrigues","6Bo","B_o"
"69","RODARMS4_06U","RODARMS2A","RODARMS","RODARMS2","6","T","c","Ile_aux_Fous","Rodrigues","6Tc","T_c"
"70","RODARMS4_07D","RODARMS2A","RODARMS","RODARMS2","7","B","c","Ile_aux_Fous","Rodrigues","7Bc","B_c"
"71","RODARMS4_07U","RODARMS2A","RODARMS","RODARMS2","7","T","o","Ile_aux_Fous","Rodrigues","7To","T_o"
"72","RODARMS4_08D","RODARMS2A","RODARMS","RODARMS2","8","B","o","Ile_aux_Fous","Rodrigues","8Bo","B_o"
"73","RODARMS4_08U","RODARMS2A","RODARMS","RODARMS2","8","T","c","Ile_aux_Fous","Rodrigues","8Tc","T_c"
"74","RODARMS4_09D","RODARMS2A","RODARMS","RODARMS2","9","B","c","Ile_aux_Fous","Rodrigues","9Bc","B_c"
"75","RODARMS4_09U","RODARMS2A","RODARMS","RODARMS2","9","T","o","Ile_aux_Fous","Rodrigues","9To","T_o"
"76","RODARMS4_10D","RODARMS2A","RODARMS","RODARMS2","10","B","o","Ile_aux_Fous","Rodrigues","10Bo","B_o"
"80","RODARMS5_02U","RODARMS2B","RODARMS","RODARMS2","2","T","c","Ile_aux_Fous","Rodrigues","2Tc","T_c"
"81","RODARMS5_03D","RODARMS2B","RODARMS","RODARMS2","3","B","c","Ile_aux_Fous","Rodrigues","3Bc","B_c"
"82","RODARMS5_03U","RODARMS2B","RODARMS","RODARMS2","3","T","o","Ile_aux_Fous","Rodrigues","3To","T_o"
"83","RODARMS5_04D","RODARMS2B","RODARMS","RODARMS2","4","B","o","Ile_aux_Fous","Rodrigues","4Bo","B_o"
"84","RODARMS5_04U","RODARMS2B","RODARMS","RODARMS2","4","T","c","Ile_aux_Fous","Rodrigues","4Tc","T_c"
"85","RODARMS5_05D","RODARMS2B","RODARMS","RODARMS2","5","B","c","Ile_aux_Fous","Rodrigues","5Bc","B_c"
"86","RODARMS5_05U","RODARMS2B","RODARMS","RODARMS2","5","T","o","Ile_aux_Fous","Rodrigues","5To","T_o"
"87","RODARMS5_06D","RODARMS2B","RODARMS","RODARMS2","6","B","o","Ile_aux_Fous","Rodrigues","6Bo","B_o"
"88","RODARMS5_06U","RODARMS2B","RODARMS","RODARMS2","6","T","c","Ile_aux_Fous","Rodrigues","6Tc","T_c"
"89","RODARMS5_07D","RODARMS2B","RODARMS","RODARMS2","7","B","c","Ile_aux_Fous","Rodrigues","7Bc","B_c"
"90","RODARMS5_07U","RODARMS2B","RODARMS","RODARMS2","7","T","o","Ile_aux_Fous","Rodrigues","7To","T_o"
"91","RODARMS5_08D","RODARMS2B","RODARMS","RODARMS2","8","B","o","Ile_aux_Fous","Rodrigues","8Bo","B_o"
"92","RODARMS5_08U","RODARMS2B","RODARMS","RODARMS2","8","T","c","Ile_aux_Fous","Rodrigues","8Tc","T_c"
"93","RODARMS5_09D","RODARMS2B","RODARMS","RODARMS2","9","B","c","Ile_aux_Fous","Rodrigues","9Bc","B_c"
"94","RODARMS5_09U","RODARMS2B","RODARMS","RODARMS2","9","T","o","Ile_aux_Fous","Rodrigues","9To","T_o"
"95","RODARMS5_10D","RODARMS2B","RODARMS","RODARMS2","10","B","o","Ile_aux_Fous","Rodrigues","10Bo","B_o"
"99","RODARMS6_02U","RODARMS2C","RODARMS","RODARMS2","2","T","c","Ile_aux_Fous","Rodrigues","2Tc","T_c"
"100","RODARMS6_03D","RODARMS2C","RODARMS","RODARMS2","3","B","c","Ile_aux_Fous","Rodrigues","3Bc","B_c"
"101","RODARMS6_03U","RODARMS2C","RODARMS","RODARMS2","3","T","o","Ile_aux_Fous","Rodrigues","3To","T_o"
"102","RODARMS6_04D","RODARMS2C","RODARMS","RODARMS2","4","B","o","Ile_aux_Fous","Rodrigues","4Bo","B_o"
"103","RODARMS6_04U","RODARMS2C","RODARMS","RODARMS2","4","T","c","Ile_aux_Fous","Rodrigues","4Tc","T_c"
"104","RODARMS6_05D","RODARMS2C","RODARMS","RODARMS2","5","B","c","Ile_aux_Fous","Rodrigues","5Bc","B_c"
"105","RODARMS6_05U","RODARMS2C","RODARMS","RODARMS2","5","T","o","Ile_aux_Fous","Rodrigues","5To","T_o"
"106","RODARMS6_06D","RODARMS2C","RODARMS","RODARMS2","6","B","o","Ile_aux_Fous","Rodrigues","6Bo","B_o"
"107","RODARMS6_06U","RODARMS2C","RODARMS","RODARMS2","6","T","c","Ile_aux_Fous","Rodrigues","6Tc","T_c"
"108","RODARMS6_07D","RODARMS2C","RODARMS","RODARMS2","7","B","c","Ile_aux_Fous","Rodrigues","7Bc","B_c"
"109","RODARMS6_07U","RODARMS2C","RODARMS","RODARMS2","7","T","o","Ile_aux_Fous","Rodrigues","7To","T_o"
"110","RODARMS6_08D","RODARMS2C","RODARMS","RODARMS2","8","B","o","Ile_aux_Fous","Rodrigues","8Bo","B_o"
"111","RODARMS6_08U","RODARMS2C","RODARMS","RODARMS2","8","T","c","Ile_aux_Fous","Rodrigues","8Tc","T_c"
"112","RODARMS6_09D","RODARMS2C","RODARMS","RODARMS2","9","B","c","Ile_aux_Fous","Rodrigues","9Bc","B_c"
"113","RODARMS6_09U","RODARMS2C","RODARMS","RODARMS2","9","T","o","Ile_aux_Fous","Rodrigues","9To","T_o"
"114","RODARMS6_10D","RODARMS2C","RODARMS","RODARMS2","10","B","o","Ile_aux_Fous","Rodrigues","10Bo","B_o"
"118","RODARMS7_02U","RODARMS3A","RODARMS","RODARMS3","2","T","c","Grand_Pate","Rodrigues","2Tc","T_c"
"119","RODARMS7_03D","RODARMS3A","RODARMS","RODARMS3","3","B","c","Grand_Pate","Rodrigues","3Bc","B_c"
"120","RODARMS7_03U","RODARMS3A","RODARMS","RODARMS3","3","T","o","Grand_Pate","Rodrigues","3To","T_o"
"121","RODARMS7_04D","RODARMS3A","RODARMS","RODARMS3","4","B","o","Grand_Pate","Rodrigues","4Bo","B_o"
"122","RODARMS7_04U","RODARMS3A","RODARMS","RODARMS3","4","T","c","Grand_Pate","Rodrigues","4Tc","T_c"
"123","RODARMS7_05D","RODARMS3A","RODARMS","RODARMS3","5","B","c","Grand_Pate","Rodrigues","5Bc","B_c"
"124","RODARMS7_05U","RODARMS3A","RODARMS","RODARMS3","5","T","o","Grand_Pate","Rodrigues","5To","T_o"
"125","RODARMS7_06D","RODARMS3A","RODARMS","RODARMS3","6","B","o","Grand_Pate","Rodrigues","6Bo","B_o"
"126","RODARMS7_06U","RODARMS3A","RODARMS","RODARMS3","6","T","c","Grand_Pate","Rodrigues","6Tc","T_c"
"127","RODARMS7_07D","RODARMS3A","RODARMS","RODARMS3","7","B","c","Grand_Pate","Rodrigues","7Bc","B_c"
"128","RODARMS7_07U","RODARMS3A","RODARMS","RODARMS3","7","T","o","Grand_Pate","Rodrigues","7To","T_o"
"129","RODARMS7_08D","RODARMS3A","RODARMS","RODARMS3","8","B","o","Grand_Pate","Rodrigues","8Bo","B_o"
"130","RODARMS7_08U","RODARMS3A","RODARMS","RODARMS3","8","T","c","Grand_Pate","Rodrigues","8Tc","T_c"
"131","RODARMS7_09D","RODARMS3A","RODARMS","RODARMS3","9","B","c","Grand_Pate","Rodrigues","9Bc","B_c"
"132","RODARMS7_09U","RODARMS3A","RODARMS","RODARMS3","9","T","o","Grand_Pate","Rodrigues","9To","T_o"
"133","RODARMS7_10D","RODARMS3A","RODARMS","RODARMS3","10","B","o","Grand_Pate","Rodrigues","10Bo","B_o"
"137","RODARMS8_02U","RODARMS3B","RODARMS","RODARMS3","2","T","c","Grand_Pate","Rodrigues","2Tc","T_c"
"138","RODARMS8_03D","RODARMS3B","RODARMS","RODARMS3","3","B","c","Grand_Pate","Rodrigues","3Bc","B_c"
"139","RODARMS8_03U","RODARMS3B","RODARMS","RODARMS3","3","T","o","Grand_Pate","Rodrigues","3To","T_o"
"140","RODARMS8_04D","RODARMS3B","RODARMS","RODARMS3","4","B","o","Grand_Pate","Rodrigues","4Bo","B_o"
"141","RODARMS8_04U","RODARMS3B","RODARMS","RODARMS3","4","T","c","Grand_Pate","Rodrigues","4Tc","T_c"
"142","RODARMS8_05D","RODARMS3B","RODARMS","RODARMS3","5","B","c","Grand_Pate","Rodrigues","5Bc","B_c"
"143","RODARMS8_05U","RODARMS3B","RODARMS","RODARMS3","5","T","o","Grand_Pate","Rodrigues","5To","T_o"
"144","RODARMS8_06D","RODARMS3B","RODARMS","RODARMS3","6","B","o","Grand_Pate","Rodrigues","6Bo","B_o"
"145","RODARMS8_06U","RODARMS3B","RODARMS","RODARMS3","6","T","c","Grand_Pate","Rodrigues","6Tc","T_c"
"146","RODARMS8_07D","RODARMS3B","RODARMS","RODARMS3","7","B","c","Grand_Pate","Rodrigues","7Bc","B_c"
"147","RODARMS8_07U","RODARMS3B","RODARMS","RODARMS3","7","T","o","Grand_Pate","Rodrigues","7To","T_o"
"148","RODARMS8_08D","RODARMS3B","RODARMS","RODARMS3","8","B","o","Grand_Pate","Rodrigues","8Bo","B_o"
"149","RODARMS8_08U","RODARMS3B","RODARMS","RODARMS3","8","T","c","Grand_Pate","Rodrigues","8Tc","T_c"
"150","RODARMS8_09D","RODARMS3B","RODARMS","RODARMS3","9","B","c","Grand_Pate","Rodrigues","9Bc","B_c"
"151","RODARMS8_09U","RODARMS3B","RODARMS","RODARMS3","9","T","o","Grand_Pate","Rodrigues","9To","T_o"
"152","RODARMS8_10D","RODARMS3B","RODARMS","RODARMS3","10","B","o","Grand_Pate","Rodrigues","10Bo","B_o"
"153","P50ARMS1A_1T","P50ARMS1A","P50ARMS","P50ARMS1","1","T","c","Cap_Houssaye","Reunion","1Tc","T_c"
"154","P50ARMS1A_2B","P50ARMS1A","P50ARMS","P50ARMS1","2","B","c","Cap_Houssaye","Reunion","2Bc","B_c"
"155","P50ARMS1A_2T","P50ARMS1A","P50ARMS","P50ARMS1","2","T","o","Cap_Houssaye","Reunion","2To","T_o"
"156","P50ARMS1A_3B","P50ARMS1A","P50ARMS","P50ARMS1","3","B","o","Cap_Houssaye","Reunion","3Bo","B_o"
"157","P50ARMS1A_3T","P50ARMS1A","P50ARMS","P50ARMS1","3","T","c","Cap_Houssaye","Reunion","3Tc","T_c"
"158","P50ARMS1A_4B","P50ARMS1A","P50ARMS","P50ARMS1","4","B","c","Cap_Houssaye","Reunion","4Bc","B_c"
"159","P50ARMS1A_4T","P50ARMS1A","P50ARMS","P50ARMS1","4","T","o","Cap_Houssaye","Reunion","4To","T_o"
"160","P50ARMS1A_5B","P50ARMS1A","P50ARMS","P50ARMS1","5","B","o","Cap_Houssaye","Reunion","5Bo","B_o"
"161","P50ARMS1A_5T","P50ARMS1A","P50ARMS","P50ARMS1","5","T","c","Cap_Houssaye","Reunion","5Tc","T_c"
"162","P50ARMS1A_6B","P50ARMS1A","P50ARMS","P50ARMS1","6","B","c","Cap_Houssaye","Reunion","6Bc","B_c"
"163","P50ARMS1A_6T","P50ARMS1A","P50ARMS","P50ARMS1","6","T","o","Cap_Houssaye","Reunion","6To","T_o"
"164","P50ARMS1A_7B","P50ARMS1A","P50ARMS","P50ARMS1","7","B","o","Cap_Houssaye","Reunion","7Bo","B_o"
"165","P50ARMS1A_7T","P50ARMS1A","P50ARMS","P50ARMS1","7","T","c","Cap_Houssaye","Reunion","7Tc","T_c"
"166","P50ARMS1A_8B","P50ARMS1A","P50ARMS","P50ARMS1","8","B","c","Cap_Houssaye","Reunion","8Bc","B_c"
"167","P50ARMS1A_8T","P50ARMS1A","P50ARMS","P50ARMS1","8","T","o","Cap_Houssaye","Reunion","8To","T_o"
"168","P50ARMS1A_9B","P50ARMS1A","P50ARMS","P50ARMS1","9","B","o","Cap_Houssaye","Reunion","9Bo","B_o"
"169","P50ARMS1B_1T","P50ARMS1B","P50ARMS","P50ARMS1","1","T","c","Cap_Houssaye","Reunion","1Tc","T_c"
"170","P50ARMS1B_2B","P50ARMS1B","P50ARMS","P50ARMS1","2","B","c","Cap_Houssaye","Reunion","2Bc","B_c"
"171","P50ARMS1B_2T","P50ARMS1B","P50ARMS","P50ARMS1","2","T","o","Cap_Houssaye","Reunion","2To","T_o"
"172","P50ARMS1B_3B","P50ARMS1B","P50ARMS","P50ARMS1","3","B","o","Cap_Houssaye","Reunion","3Bo","B_o"
"173","P50ARMS1B_3T","P50ARMS1B","P50ARMS","P50ARMS1","3","T","c","Cap_Houssaye","Reunion","3Tc","T_c"
"174","P50ARMS1B_4B","P50ARMS1B","P50ARMS","P50ARMS1","4","B","c","Cap_Houssaye","Reunion","4Bc","B_c"
"175","P50ARMS1B_4T","P50ARMS1B","P50ARMS","P50ARMS1","4","T","o","Cap_Houssaye","Reunion","4To","T_o"
"176","P50ARMS1B_5B","P50ARMS1B","P50ARMS","P50ARMS1","5","B","o","Cap_Houssaye","Reunion","5Bo","B_o"
"177","P50ARMS1B_5T","P50ARMS1B","P50ARMS","P50ARMS1","5","T","c","Cap_Houssaye","Reunion","5Tc","T_c"
"178","P50ARMS1B_6B","P50ARMS1B","P50ARMS","P50ARMS1","6","B","c","Cap_Houssaye","Reunion","6Bc","B_c"
"179","P50ARMS1B_6T","P50ARMS1B","P50ARMS","P50ARMS1","6","T","o","Cap_Houssaye","Reunion","6To","T_o"
"180","P50ARMS1B_7B","P50ARMS1B","P50ARMS","P50ARMS1","7","B","o","Cap_Houssaye","Reunion","7Bo","B_o"
"181","P50ARMS1B_7T","P50ARMS1B","P50ARMS","P50ARMS1","7","T","c","Cap_Houssaye","Reunion","7Tc","T_c"
"182","P50ARMS1B_8B","P50ARMS1B","P50ARMS","P50ARMS1","8","B","c","Cap_Houssaye","Reunion","8Bc","B_c"
"183","P50ARMS1B_8T","P50ARMS1B","P50ARMS","P50ARMS1","8","T","o","Cap_Houssaye","Reunion","8To","T_o"
"184","P50ARMS1B_9B","P50ARMS1B","P50ARMS","P50ARMS1","9","B","o","Cap_Houssaye","Reunion","9Bo","B_o"
"185","P50ARMS1C_1T","P50ARMS1C","P50ARMS","P50ARMS1","1","T","c","Cap_Houssaye","Reunion","1Tc","T_c"
"186","P50ARMS1C_2B","P50ARMS1C","P50ARMS","P50ARMS1","2","B","c","Cap_Houssaye","Reunion","2Bc","B_c"
"187","P50ARMS1C_2T","P50ARMS1C","P50ARMS","P50ARMS1","2","T","o","Cap_Houssaye","Reunion","2To","T_o"
"188","P50ARMS1C_3B","P50ARMS1C","P50ARMS","P50ARMS1","3","B","o","Cap_Houssaye","Reunion","3Bo","B_o"
"189","P50ARMS1C_3T","P50ARMS1C","P50ARMS","P50ARMS1","3","T","c","Cap_Houssaye","Reunion","3Tc","T_c"
"190","P50ARMS1C_4B","P50ARMS1C","P50ARMS","P50ARMS1","4","B","c","Cap_Houssaye","Reunion","4Bc","B_c"
"191","P50ARMS1C_4T","P50ARMS1C","P50ARMS","P50ARMS1","4","T","o","Cap_Houssaye","Reunion","4To","T_o"
"192","P50ARMS1C_5B","P50ARMS1C","P50ARMS","P50ARMS1","5","B","o","Cap_Houssaye","Reunion","5Bo","B_o"
"193","P50ARMS1C_5T","P50ARMS1C","P50ARMS","P50ARMS1","5","T","c","Cap_Houssaye","Reunion","5Tc","T_c"
"194","P50ARMS1C_6B","P50ARMS1C","P50ARMS","P50ARMS1","6","B","c","Cap_Houssaye","Reunion","6Bc","B_c"
"195","P50ARMS1C_6T","P50ARMS1C","P50ARMS","P50ARMS1","6","T","o","Cap_Houssaye","Reunion","6To","T_o"
"196","P50ARMS1C_7B","P50ARMS1C","P50ARMS","P50ARMS1","7","B","o","Cap_Houssaye","Reunion","7Bo","B_o"
"197","P50ARMS1C_7T","P50ARMS1C","P50ARMS","P50ARMS1","7","T","c","Cap_Houssaye","Reunion","7Tc","T_c"
"198","P50ARMS1C_8B","P50ARMS1C","P50ARMS","P50ARMS1","8","B","c","Cap_Houssaye","Reunion","8Bc","B_c"
"199","P50ARMS1C_8T","P50ARMS1C","P50ARMS","P50ARMS1","8","T","o","Cap_Houssaye","Reunion","8To","T_o"
"200","P50ARMS1C_9B","P50ARMS1C","P50ARMS","P50ARMS1","9","B","o","Cap_Houssaye","Reunion","9Bo","B_o"
"201","P50ARMS2A_1T","P50ARMS2A","P50ARMS","P50ARMS2","1","T","c","Saint_Leu","Reunion","1Tc","T_c"
"202","P50ARMS2A_2B","P50ARMS2A","P50ARMS","P50ARMS2","2","B","c","Saint_Leu","Reunion","2Bc","B_c"
"203","P50ARMS2A_2T","P50ARMS2A","P50ARMS","P50ARMS2","2","T","o","Saint_Leu","Reunion","2To","T_o"
"204","P50ARMS2A_3B","P50ARMS2A","P50ARMS","P50ARMS2","3","B","o","Saint_Leu","Reunion","3Bo","B_o"
"205","P50ARMS2A_3T","P50ARMS2A","P50ARMS","P50ARMS2","3","T","c","Saint_Leu","Reunion","3Tc","T_c"
"206","P50ARMS2A_4B","P50ARMS2A","P50ARMS","P50ARMS2","4","B","c","Saint_Leu","Reunion","4Bc","B_c"
"207","P50ARMS2A_4T","P50ARMS2A","P50ARMS","P50ARMS2","4","T","o","Saint_Leu","Reunion","4To","T_o"
"208","P50ARMS2A_5B","P50ARMS2A","P50ARMS","P50ARMS2","5","B","o","Saint_Leu","Reunion","5Bo","B_o"
"209","P50ARMS2A_5T","P50ARMS2A","P50ARMS","P50ARMS2","5","T","c","Saint_Leu","Reunion","5Tc","T_c"
"210","P50ARMS2A_6B","P50ARMS2A","P50ARMS","P50ARMS2","6","B","c","Saint_Leu","Reunion","6Bc","B_c"
"211","P50ARMS2A_6T","P50ARMS2A","P50ARMS","P50ARMS2","6","T","o","Saint_Leu","Reunion","6To","T_o"
"212","P50ARMS2A_7B","P50ARMS2A","P50ARMS","P50ARMS2","7","B","o","Saint_Leu","Reunion","7Bo","B_o"
"213","P50ARMS2A_7T","P50ARMS2A","P50ARMS","P50ARMS2","7","T","c","Saint_Leu","Reunion","7Tc","T_c"
"214","P50ARMS2A_8B","P50ARMS2A","P50ARMS","P50ARMS2","8","B","c","Saint_Leu","Reunion","8Bc","B_c"
"215","P50ARMS2A_8T","P50ARMS2A","P50ARMS","P50ARMS2","8","T","o","Saint_Leu","Reunion","8To","T_o"
"216","P50ARMS2A_9B","P50ARMS2A","P50ARMS","P50ARMS2","9","B","o","Saint_Leu","Reunion","9Bo","B_o"
"217","P50ARMS2B_1T","P50ARMS2B","P50ARMS","P50ARMS2","1","T","c","Saint_Leu","Reunion","1Tc","T_c"
"218","P50ARMS2B_2B","P50ARMS2B","P50ARMS","P50ARMS2","2","B","c","Saint_Leu","Reunion","2Bc","B_c"
"219","P50ARMS2B_2T","P50ARMS2B","P50ARMS","P50ARMS2","2","T","o","Saint_Leu","Reunion","2To","T_o"
"220","P50ARMS2B_3B","P50ARMS2B","P50ARMS","P50ARMS2","3","B","o","Saint_Leu","Reunion","3Bo","B_o"
"221","P50ARMS2B_3T","P50ARMS2B","P50ARMS","P50ARMS2","3","T","c","Saint_Leu","Reunion","3Tc","T_c"
"222","P50ARMS2B_4B","P50ARMS2B","P50ARMS","P50ARMS2","4","B","c","Saint_Leu","Reunion","4Bc","B_c"
"223","P50ARMS2B_4T","P50ARMS2B","P50ARMS","P50ARMS2","4","T","o","Saint_Leu","Reunion","4To","T_o"
"224","P50ARMS2B_5B","P50ARMS2B","P50ARMS","P50ARMS2","5","B","o","Saint_Leu","Reunion","5Bo","B_o"
"225","P50ARMS2B_5T","P50ARMS2B","P50ARMS","P50ARMS2","5","T","c","Saint_Leu","Reunion","5Tc","T_c"
"226","P50ARMS2B_6B","P50ARMS2B","P50ARMS","P50ARMS2","6","B","c","Saint_Leu","Reunion","6Bc","B_c"
"227","P50ARMS2B_6T","P50ARMS2B","P50ARMS","P50ARMS2","6","T","o","Saint_Leu","Reunion","6To","T_o"
"228","P50ARMS2B_7B","P50ARMS2B","P50ARMS","P50ARMS2","7","B","o","Saint_Leu","Reunion","7Bo","B_o"
"229","P50ARMS2B_7T","P50ARMS2B","P50ARMS","P50ARMS2","7","T","c","Saint_Leu","Reunion","7Tc","T_c"
"230","P50ARMS2B_8B","P50ARMS2B","P50ARMS","P50ARMS2","8","B","c","Saint_Leu","Reunion","8Bc","B_c"
"231","P50ARMS2B_8T","P50ARMS2B","P50ARMS","P50ARMS2","8","T","o","Saint_Leu","Reunion","8To","T_o"
"232","P50ARMS2B_9B","P50ARMS2B","P50ARMS","P50ARMS2","9","B","o","Saint_Leu","Reunion","9Bo","B_o"
"233","P50ARMS2C_1T","P50ARMS2C","P50ARMS","P50ARMS2","1","T","c","Saint_Leu","Reunion","1Tc","T_c"
"234","P50ARMS2C_2B","P50ARMS2C","P50ARMS","P50ARMS2","2","B","c","Saint_Leu","Reunion","2Bc","B_c"
"235","P50ARMS2C_2T","P50ARMS2C","P50ARMS","P50ARMS2","2","T","o","Saint_Leu","Reunion","2To","T_o"
"236","P50ARMS2C_3B","P50ARMS2C","P50ARMS","P50ARMS2","3","B","o","Saint_Leu","Reunion","3Bo","B_o"
"237","P50ARMS2C_3T","P50ARMS2C","P50ARMS","P50ARMS2","3","T","c","Saint_Leu","Reunion","3Tc","T_c"
"238","P50ARMS2C_4B","P50ARMS2C","P50ARMS","P50ARMS2","4","B","c","Saint_Leu","Reunion","4Bc","B_c"
"239","P50ARMS2C_4T","P50ARMS2C","P50ARMS","P50ARMS2","4","T","o","Saint_Leu","Reunion","4To","T_o"
"240","P50ARMS2C_5B","P50ARMS2C","P50ARMS","P50ARMS2","5","B","o","Saint_Leu","Reunion","5Bo","B_o"
"241","P50ARMS2C_5T","P50ARMS2C","P50ARMS","P50ARMS2","5","T","c","Saint_Leu","Reunion","5Tc","T_c"
"242","P50ARMS2C_6B","P50ARMS2C","P50ARMS","P50ARMS2","6","B","c","Saint_Leu","Reunion","6Bc","B_c"
"243","P50ARMS2C_6T","P50ARMS2C","P50ARMS","P50ARMS2","6","T","o","Saint_Leu","Reunion","6To","T_o"
"244","P50ARMS2C_7B","P50ARMS2C","P50ARMS","P50ARMS2","7","B","o","Saint_Leu","Reunion","7Bo","B_o"
"245","P50ARMS2C_7T","P50ARMS2C","P50ARMS","P50ARMS2","7","T","c","Saint_Leu","Reunion","7Tc","T_c"
"246","P50ARMS2C_8B","P50ARMS2C","P50ARMS","P50ARMS2","8","B","c","Saint_Leu","Reunion","8Bc","B_c"
"247","P50ARMS2C_8T","P50ARMS2C","P50ARMS","P50ARMS2","8","T","o","Saint_Leu","Reunion","8To","T_o"
"248","P50ARMS2C_9B","P50ARMS2C","P50ARMS","P50ARMS2","9","B","o","Saint_Leu","Reunion","9Bo","B_o"
"249","P50ARMS3A_1T","P50ARMS3A","P50ARMS","P50ARMS3","1","T","c","Grand_Bois","Reunion","1Tc","T_c"
"250","P50ARMS3A_2B","P50ARMS3A","P50ARMS","P50ARMS3","2","B","c","Grand_Bois","Reunion","2Bc","B_c"
"251","P50ARMS3A_2T","P50ARMS3A","P50ARMS","P50ARMS3","2","T","o","Grand_Bois","Reunion","2To","T_o"
"252","P50ARMS3A_3B","P50ARMS3A","P50ARMS","P50ARMS3","3","B","o","Grand_Bois","Reunion","3Bo","B_o"
"253","P50ARMS3A_3T","P50ARMS3A","P50ARMS","P50ARMS3","3","T","c","Grand_Bois","Reunion","3Tc","T_c"
"254","P50ARMS3A_4B","P50ARMS3A","P50ARMS","P50ARMS3","4","B","c","Grand_Bois","Reunion","4Bc","B_c"
"255","P50ARMS3A_4T","P50ARMS3A","P50ARMS","P50ARMS3","4","T","o","Grand_Bois","Reunion","4To","T_o"
"256","P50ARMS3A_5B","P50ARMS3A","P50ARMS","P50ARMS3","5","B","o","Grand_Bois","Reunion","5Bo","B_o"
"257","P50ARMS3A_5T","P50ARMS3A","P50ARMS","P50ARMS3","5","T","c","Grand_Bois","Reunion","5Tc","T_c"
"258","P50ARMS3A_6B","P50ARMS3A","P50ARMS","P50ARMS3","6","B","c","Grand_Bois","Reunion","6Bc","B_c"
"259","P50ARMS3A_6T","P50ARMS3A","P50ARMS","P50ARMS3","6","T","o","Grand_Bois","Reunion","6To","T_o"
"260","P50ARMS3A_7B","P50ARMS3A","P50ARMS","P50ARMS3","7","B","o","Grand_Bois","Reunion","7Bo","B_o"
"261","P50ARMS3A_7T","P50ARMS3A","P50ARMS","P50ARMS3","7","T","c","Grand_Bois","Reunion","7Tc","T_c"
"262","P50ARMS3A_8B","P50ARMS3A","P50ARMS","P50ARMS3","8","B","c","Grand_Bois","Reunion","8Bc","B_c"
"263","P50ARMS3A_8T","P50ARMS3A","P50ARMS","P50ARMS3","8","T","o","Grand_Bois","Reunion","8To","T_o"
"264","P50ARMS3A_9B","P50ARMS3A","P50ARMS","P50ARMS3","9","B","o","Grand_Bois","Reunion","9Bo","B_o"
"265","P50ARMS3B_1T","P50ARMS3B","P50ARMS","P50ARMS3","1","T","c","Grand_Bois","Reunion","1Tc","T_c"
"266","P50ARMS3B_2B","P50ARMS3B","P50ARMS","P50ARMS3","2","B","c","Grand_Bois","Reunion","2Bc","B_c"
"267","P50ARMS3B_2T","P50ARMS3B","P50ARMS","P50ARMS3","2","T","o","Grand_Bois","Reunion","2To","T_o"
"268","P50ARMS3B_3B","P50ARMS3B","P50ARMS","P50ARMS3","3","B","o","Grand_Bois","Reunion","3Bo","B_o"
"269","P50ARMS3B_3T","P50ARMS3B","P50ARMS","P50ARMS3","3","T","c","Grand_Bois","Reunion","3Tc","T_c"
"270","P50ARMS3B_4B","P50ARMS3B","P50ARMS","P50ARMS3","4","B","c","Grand_Bois","Reunion","4Bc","B_c"
"271","P50ARMS3B_4T","P50ARMS3B","P50ARMS","P50ARMS3","4","T","o","Grand_Bois","Reunion","4To","T_o"
"272","P50ARMS3B_5B","P50ARMS3B","P50ARMS","P50ARMS3","5","B","o","Grand_Bois","Reunion","5Bo","B_o"
"273","P50ARMS3B_5T","P50ARMS3B","P50ARMS","P50ARMS3","5","T","c","Grand_Bois","Reunion","5Tc","T_c"
"274","P50ARMS3B_6B","P50ARMS3B","P50ARMS","P50ARMS3","6","B","c","Grand_Bois","Reunion","6Bc","B_c"
"275","P50ARMS3B_6T","P50ARMS3B","P50ARMS","P50ARMS3","6","T","o","Grand_Bois","Reunion","6To","T_o"
"276","P50ARMS3B_7B","P50ARMS3B","P50ARMS","P50ARMS3","7","B","o","Grand_Bois","Reunion","7Bo","B_o"
"277","P50ARMS3B_7T","P50ARMS3B","P50ARMS","P50ARMS3","7","T","c","Grand_Bois","Reunion","7Tc","T_c"
"278","P50ARMS3B_8B","P50ARMS3B","P50ARMS","P50ARMS3","8","B","c","Grand_Bois","Reunion","8Bc","B_c"
"279","P50ARMS3B_8T","P50ARMS3B","P50ARMS","P50ARMS3","8","T","o","Grand_Bois","Reunion","8To","T_o"
"280","P50ARMS3B_9B","P50ARMS3B","P50ARMS","P50ARMS3","9","B","o","Grand_Bois","Reunion","9Bo","B_o"
"281","P50ARMS3C_1T","P50ARMS3C","P50ARMS","P50ARMS3","1","T","c","Grand_Bois","Reunion","1Tc","T_c"
"282","P50ARMS3C_2B","P50ARMS3C","P50ARMS","P50ARMS3","2","B","c","Grand_Bois","Reunion","2Bc","B_c"
"283","P50ARMS3C_2T","P50ARMS3C","P50ARMS","P50ARMS3","2","T","o","Grand_Bois","Reunion","2To","T_o"
"284","P50ARMS3C_3B","P50ARMS3C","P50ARMS","P50ARMS3","3","B","o","Grand_Bois","Reunion","3Bo","B_o"
"285","P50ARMS3C_3T","P50ARMS3C","P50ARMS","P50ARMS3","3","T","c","Grand_Bois","Reunion","3Tc","T_c"
"286","P50ARMS3C_4B","P50ARMS3C","P50ARMS","P50ARMS3","4","B","c","Grand_Bois","Reunion","4Bc","B_c"
"287","P50ARMS3C_4T","P50ARMS3C","P50ARMS","P50ARMS3","4","T","o","Grand_Bois","Reunion","4To","T_o"
"288","P50ARMS3C_5B","P50ARMS3C","P50ARMS","P50ARMS3","5","B","o","Grand_Bois","Reunion","5Bo","B_o"
"289","P50ARMS3C_5T","P50ARMS3C","P50ARMS","P50ARMS3","5","T","c","Grand_Bois","Reunion","5Tc","T_c"
"290","P50ARMS3C_6B","P50ARMS3C","P50ARMS","P50ARMS3","6","B","c","Grand_Bois","Reunion","6Bc","B_c"
"291","P50ARMS3C_6T","P50ARMS3C","P50ARMS","P50ARMS3","6","T","o","Grand_Bois","Reunion","6To","T_o"
"292","P50ARMS3C_7B","P50ARMS3C","P50ARMS","P50ARMS3","7","B","o","Grand_Bois","Reunion","7Bo","B_o"
"293","P50ARMS3C_7T","P50ARMS3C","P50ARMS","P50ARMS3","7","T","c","Grand_Bois","Reunion","7Tc","T_c"
"294","P50ARMS3C_8B","P50ARMS3C","P50ARMS","P50ARMS3","8","B","c","Grand_Bois","Reunion","8Bc","B_c"
"295","P50ARMS3C_8T","P50ARMS3C","P50ARMS","P50ARMS3","8","T","o","Grand_Bois","Reunion","8To","T_o"
"296","P50ARMS3C_9B","P50ARMS3C","P50ARMS","P50ARMS3","9","B","o","Grand_Bois","Reunion","9Bo","B_o"
"297","RUNARMS1A_1T","RUNARMS1A","RUNARMS","RUNARMS1","1","T","c","Cap_Houssaye","Reunion","1Tc","T_c"
"298","RUNARMS1A_2B","RUNARMS1A","RUNARMS","RUNARMS1","2","B","c","Cap_Houssaye","Reunion","2Bc","B_c"
"299","RUNARMS1A_2T","RUNARMS1A","RUNARMS","RUNARMS1","2","T","o","Cap_Houssaye","Reunion","2To","T_o"
"300","RUNARMS1A_3B","RUNARMS1A","RUNARMS","RUNARMS1","3","B","o","Cap_Houssaye","Reunion","3Bo","B_o"
"301","RUNARMS1A_3T","RUNARMS1A","RUNARMS","RUNARMS1","3","T","c","Cap_Houssaye","Reunion","3Tc","T_c"
"302","RUNARMS1A_4B","RUNARMS1A","RUNARMS","RUNARMS1","4","B","c","Cap_Houssaye","Reunion","4Bc","B_c"
"303","RUNARMS1A_4T","RUNARMS1A","RUNARMS","RUNARMS1","4","T","o","Cap_Houssaye","Reunion","4To","T_o"
"304","RUNARMS1A_5B","RUNARMS1A","RUNARMS","RUNARMS1","5","B","o","Cap_Houssaye","Reunion","5Bo","B_o"
"305","RUNARMS1A_5T","RUNARMS1A","RUNARMS","RUNARMS1","5","T","c","Cap_Houssaye","Reunion","5Tc","T_c"
"306","RUNARMS1A_6B","RUNARMS1A","RUNARMS","RUNARMS1","6","B","c","Cap_Houssaye","Reunion","6Bc","B_c"
"307","RUNARMS1A_6T","RUNARMS1A","RUNARMS","RUNARMS1","6","T","o","Cap_Houssaye","Reunion","6To","T_o"
"308","RUNARMS1A_7B","RUNARMS1A","RUNARMS","RUNARMS1","7","B","o","Cap_Houssaye","Reunion","7Bo","B_o"
"309","RUNARMS1A_7T","RUNARMS1A","RUNARMS","RUNARMS1","7","T","c","Cap_Houssaye","Reunion","7Tc","T_c"
"310","RUNARMS1A_8B","RUNARMS1A","RUNARMS","RUNARMS1","8","B","c","Cap_Houssaye","Reunion","8Bc","B_c"
"311","RUNARMS1A_8T","RUNARMS1A","RUNARMS","RUNARMS1","8","T","o","Cap_Houssaye","Reunion","8To","T_o"
"312","RUNARMS1A_9B","RUNARMS1A","RUNARMS","RUNARMS1","9","B","o","Cap_Houssaye","Reunion","9Bo","B_o"
"313","RUNARMS1B_1T","RUNARMS1B","RUNARMS","RUNARMS1","1","T","c","Cap_Houssaye","Reunion","1Tc","T_c"
"314","RUNARMS1B_2B","RUNARMS1B","RUNARMS","RUNARMS1","2","B","c","Cap_Houssaye","Reunion","2Bc","B_c"
"315","RUNARMS1B_2T","RUNARMS1B","RUNARMS","RUNARMS1","2","T","o","Cap_Houssaye","Reunion","2To","T_o"
"316","RUNARMS1B_3B","RUNARMS1B","RUNARMS","RUNARMS1","3","B","o","Cap_Houssaye","Reunion","3Bo","B_o"
"317","RUNARMS1B_3T","RUNARMS1B","RUNARMS","RUNARMS1","3","T","c","Cap_Houssaye","Reunion","3Tc","T_c"
"318","RUNARMS1B_4B","RUNARMS1B","RUNARMS","RUNARMS1","4","B","c","Cap_Houssaye","Reunion","4Bc","B_c"
"319","RUNARMS1B_4T","RUNARMS1B","RUNARMS","RUNARMS1","4","T","o","Cap_Houssaye","Reunion","4To","T_o"
"320","RUNARMS1B_5B","RUNARMS1B","RUNARMS","RUNARMS1","5","B","o","Cap_Houssaye","Reunion","5Bo","B_o"
"321","RUNARMS1B_5T","RUNARMS1B","RUNARMS","RUNARMS1","5","T","c","Cap_Houssaye","Reunion","5Tc","T_c"
"322","RUNARMS1B_6B","RUNARMS1B","RUNARMS","RUNARMS1","6","B","c","Cap_Houssaye","Reunion","6Bc","B_c"
"323","RUNARMS1B_6T","RUNARMS1B","RUNARMS","RUNARMS1","6","T","o","Cap_Houssaye","Reunion","6To","T_o"
"324","RUNARMS1B_7B","RUNARMS1B","RUNARMS","RUNARMS1","7","B","o","Cap_Houssaye","Reunion","7Bo","B_o"
"325","RUNARMS1B_7T","RUNARMS1B","RUNARMS","RUNARMS1","7","T","c","Cap_Houssaye","Reunion","7Tc","T_c"
"326","RUNARMS1B_8B","RUNARMS1B","RUNARMS","RUNARMS1","8","B","c","Cap_Houssaye","Reunion","8Bc","B_c"
"327","RUNARMS1B_8T","RUNARMS1B","RUNARMS","RUNARMS1","8","T","o","Cap_Houssaye","Reunion","8To","T_o"
"328","RUNARMS1B_9B","RUNARMS1B","RUNARMS","RUNARMS1","9","B","o","Cap_Houssaye","Reunion","9Bo","B_o"
"329","RUNARMS1C_1T","RUNARMS1C","RUNARMS","RUNARMS1","1","T","c","Cap_Houssaye","Reunion","1Tc","T_c"
"330","RUNARMS1C_2B","RUNARMS1C","RUNARMS","RUNARMS1","2","B","c","Cap_Houssaye","Reunion","2Bc","B_c"
"331","RUNARMS1C_2T","RUNARMS1C","RUNARMS","RUNARMS1","2","T","o","Cap_Houssaye","Reunion","2To","T_o"
"332","RUNARMS1C_3B","RUNARMS1C","RUNARMS","RUNARMS1","3","B","o","Cap_Houssaye","Reunion","3Bo","B_o"
"333","RUNARMS1C_3T","RUNARMS1C","RUNARMS","RUNARMS1","3","T","c","Cap_Houssaye","Reunion","3Tc","T_c"
"334","RUNARMS1C_4B","RUNARMS1C","RUNARMS","RUNARMS1","4","B","c","Cap_Houssaye","Reunion","4Bc","B_c"
"335","RUNARMS1C_4T","RUNARMS1C","RUNARMS","RUNARMS1","4","T","o","Cap_Houssaye","Reunion","4To","T_o"
"336","RUNARMS1C_5B","RUNARMS1C","RUNARMS","RUNARMS1","5","B","o","Cap_Houssaye","Reunion","5Bo","B_o"
"337","RUNARMS1C_5T","RUNARMS1C","RUNARMS","RUNARMS1","5","T","c","Cap_Houssaye","Reunion","5Tc","T_c"
"338","RUNARMS1C_6B","RUNARMS1C","RUNARMS","RUNARMS1","6","B","c","Cap_Houssaye","Reunion","6Bc","B_c"
"339","RUNARMS1C_6T","RUNARMS1C","RUNARMS","RUNARMS1","6","T","o","Cap_Houssaye","Reunion","6To","T_o"
"340","RUNARMS1C_7B","RUNARMS1C","RUNARMS","RUNARMS1","7","B","o","Cap_Houssaye","Reunion","7Bo","B_o"
"341","RUNARMS1C_7T","RUNARMS1C","RUNARMS","RUNARMS1","7","T","c","Cap_Houssaye","Reunion","7Tc","T_c"
"342","RUNARMS1C_8B","RUNARMS1C","RUNARMS","RUNARMS1","8","B","c","Cap_Houssaye","Reunion","8Bc","B_c"
"343","RUNARMS1C_8T","RUNARMS1C","RUNARMS","RUNARMS1","8","T","o","Cap_Houssaye","Reunion","8To","T_o"
"344","RUNARMS1C_9B","RUNARMS1C","RUNARMS","RUNARMS1","9","B","o","Cap_Houssaye","Reunion","9Bo","B_o"
"345","RUNARMS5A_1T","RUNARMS5A","RUNARMS","RUNARMS5","1","T","c","Saint_Leu","Reunion","1Tc","T_c"
"346","RUNARMS5A_2B","RUNARMS5A","RUNARMS","RUNARMS5","2","B","c","Saint_Leu","Reunion","2Bc","B_c"
"347","RUNARMS5A_2T","RUNARMS5A","RUNARMS","RUNARMS5","2","T","o","Saint_Leu","Reunion","2To","T_o"
"348","RUNARMS5A_3B","RUNARMS5A","RUNARMS","RUNARMS5","3","B","o","Saint_Leu","Reunion","3Bo","B_o"
"349","RUNARMS5A_3T","RUNARMS5A","RUNARMS","RUNARMS5","3","T","c","Saint_Leu","Reunion","3Tc","T_c"
"350","RUNARMS5A_4B","RUNARMS5A","RUNARMS","RUNARMS5","4","B","c","Saint_Leu","Reunion","4Bc","B_c"
"351","RUNARMS5A_4T","RUNARMS5A","RUNARMS","RUNARMS5","4","T","o","Saint_Leu","Reunion","4To","T_o"
"352","RUNARMS5A_5B","RUNARMS5A","RUNARMS","RUNARMS5","5","B","o","Saint_Leu","Reunion","5Bo","B_o"
"353","RUNARMS5A_5T","RUNARMS5A","RUNARMS","RUNARMS5","5","T","c","Saint_Leu","Reunion","5Tc","T_c"
"354","RUNARMS5A_6B","RUNARMS5A","RUNARMS","RUNARMS5","6","B","c","Saint_Leu","Reunion","6Bc","B_c"
"355","RUNARMS5A_6T","RUNARMS5A","RUNARMS","RUNARMS5","6","T","o","Saint_Leu","Reunion","6To","T_o"
"356","RUNARMS5A_7B","RUNARMS5A","RUNARMS","RUNARMS5","7","B","o","Saint_Leu","Reunion","7Bo","B_o"
"357","RUNARMS5A_7T","RUNARMS5A","RUNARMS","RUNARMS5","7","T","c","Saint_Leu","Reunion","7Tc","T_c"
"358","RUNARMS5A_8B","RUNARMS5A","RUNARMS","RUNARMS5","8","B","c","Saint_Leu","Reunion","8Bc","B_c"
"359","RUNARMS5A_8T","RUNARMS5A","RUNARMS","RUNARMS5","8","T","o","Saint_Leu","Reunion","8To","T_o"
"360","RUNARMS5A_9B","RUNARMS5A","RUNARMS","RUNARMS5","9","B","o","Saint_Leu","Reunion","9Bo","B_o"
"361","RUNARMS5B_1T","RUNARMS5B","RUNARMS","RUNARMS5","1","T","c","Saint_Leu","Reunion","1Tc","T_c"
"362","RUNARMS5B_2B","RUNARMS5B","RUNARMS","RUNARMS5","2","B","c","Saint_Leu","Reunion","2Bc","B_c"
"363","RUNARMS5B_2T","RUNARMS5B","RUNARMS","RUNARMS5","2","T","o","Saint_Leu","Reunion","2To","T_o"
"364","RUNARMS5B_3B","RUNARMS5B","RUNARMS","RUNARMS5","3","B","o","Saint_Leu","Reunion","3Bo","B_o"
"365","RUNARMS5B_3T","RUNARMS5B","RUNARMS","RUNARMS5","3","T","c","Saint_Leu","Reunion","3Tc","T_c"
"366","RUNARMS5B_4B","RUNARMS5B","RUNARMS","RUNARMS5","4","B","c","Saint_Leu","Reunion","4Bc","B_c"
"367","RUNARMS5B_4T","RUNARMS5B","RUNARMS","RUNARMS5","4","T","o","Saint_Leu","Reunion","4To","T_o"
"368","RUNARMS5B_5B","RUNARMS5B","RUNARMS","RUNARMS5","5","B","o","Saint_Leu","Reunion","5Bo","B_o"
"369","RUNARMS5B_5T","RUNARMS5B","RUNARMS","RUNARMS5","5","T","c","Saint_Leu","Reunion","5Tc","T_c"
"370","RUNARMS5B_6B","RUNARMS5B","RUNARMS","RUNARMS5","6","B","c","Saint_Leu","Reunion","6Bc","B_c"
"371","RUNARMS5B_6T","RUNARMS5B","RUNARMS","RUNARMS5","6","T","o","Saint_Leu","Reunion","6To","T_o"
"372","RUNARMS5B_7B","RUNARMS5B","RUNARMS","RUNARMS5","7","B","o","Saint_Leu","Reunion","7Bo","B_o"
"373","RUNARMS5B_7T","RUNARMS5B","RUNARMS","RUNARMS5","7","T","c","Saint_Leu","Reunion","7Tc","T_c"
"374","RUNARMS5B_8B","RUNARMS5B","RUNARMS","RUNARMS5","8","B","c","Saint_Leu","Reunion","8Bc","B_c"
"375","RUNARMS5B_8T","RUNARMS5B","RUNARMS","RUNARMS5","8","T","o","Saint_Leu","Reunion","8To","T_o"
"376","RUNARMS5B_9B","RUNARMS5B","RUNARMS","RUNARMS5","9","B","o","Saint_Leu","Reunion","9Bo","B_o"
"377","RUNARMS5C_1T","RUNARMS5C","RUNARMS","RUNARMS5","1","T","c","Saint_Leu","Reunion","1Tc","T_c"
"378","RUNARMS5C_2B","RUNARMS5C","RUNARMS","RUNARMS5","2","B","c","Saint_Leu","Reunion","2Bc","B_c"
"379","RUNARMS5C_2T","RUNARMS5C","RUNARMS","RUNARMS5","2","T","o","Saint_Leu","Reunion","2To","T_o"
"380","RUNARMS5C_3B","RUNARMS5C","RUNARMS","RUNARMS5","3","B","o","Saint_Leu","Reunion","3Bo","B_o"
"381","RUNARMS5C_3T","RUNARMS5C","RUNARMS","RUNARMS5","3","T","c","Saint_Leu","Reunion","3Tc","T_c"
"382","RUNARMS5C_4B","RUNARMS5C","RUNARMS","RUNARMS5","4","B","c","Saint_Leu","Reunion","4Bc","B_c"
"383","RUNARMS5C_4T","RUNARMS5C","RUNARMS","RUNARMS5","4","T","o","Saint_Leu","Reunion","4To","T_o"
"384","RUNARMS5C_5B","RUNARMS5C","RUNARMS","RUNARMS5","5","B","o","Saint_Leu","Reunion","5Bo","B_o"
"385","RUNARMS5C_5T","RUNARMS5C","RUNARMS","RUNARMS5","5","T","c","Saint_Leu","Reunion","5Tc","T_c"
"386","RUNARMS5C_6B","RUNARMS5C","RUNARMS","RUNARMS5","6","B","c","Saint_Leu","Reunion","6Bc","B_c"
"387","RUNARMS5C_6T","RUNARMS5C","RUNARMS","RUNARMS5","6","T","o","Saint_Leu","Reunion","6To","T_o"
"388","RUNARMS5C_7B","RUNARMS5C","RUNARMS","RUNARMS5","7","B","o","Saint_Leu","Reunion","7Bo","B_o"
"389","RUNARMS5C_7T","RUNARMS5C","RUNARMS","RUNARMS5","7","T","c","Saint_Leu","Reunion","7Tc","T_c"
"390","RUNARMS5C_8B","RUNARMS5C","RUNARMS","RUNARMS5","8","B","c","Saint_Leu","Reunion","8Bc","B_c"
"391","RUNARMS5C_8T","RUNARMS5C","RUNARMS","RUNARMS5","8","T","o","Saint_Leu","Reunion","8To","T_o"
"392","RUNARMS5C_9B","RUNARMS5C","RUNARMS","RUNARMS5","9","B","o","Saint_Leu","Reunion","9Bo","B_o"
"393","RUNARMS9A_1T","RUNARMS9A","RUNARMS","RUNARMS9","1","T","c","Grand_Bois","Reunion","1Tc","T_c"
"394","RUNARMS9A_2B","RUNARMS9A","RUNARMS","RUNARMS9","2","B","c","Grand_Bois","Reunion","2Bc","B_c"
"395","RUNARMS9A_2T","RUNARMS9A","RUNARMS","RUNARMS9","2","T","o","Grand_Bois","Reunion","2To","T_o"
"396","RUNARMS9A_3B","RUNARMS9A","RUNARMS","RUNARMS9","3","B","o","Grand_Bois","Reunion","3Bo","B_o"
"397","RUNARMS9A_3T","RUNARMS9A","RUNARMS","RUNARMS9","3","T","c","Grand_Bois","Reunion","3Tc","T_c"
"398","RUNARMS9A_4B","RUNARMS9A","RUNARMS","RUNARMS9","4","B","c","Grand_Bois","Reunion","4Bc","B_c"
"399","RUNARMS9A_4T","RUNARMS9A","RUNARMS","RUNARMS9","4","T","o","Grand_Bois","Reunion","4To","T_o"
"400","RUNARMS9A_5B","RUNARMS9A","RUNARMS","RUNARMS9","5","B","o","Grand_Bois","Reunion","5Bo","B_o"
"401","RUNARMS9A_5T","RUNARMS9A","RUNARMS","RUNARMS9","5","T","c","Grand_Bois","Reunion","5Tc","T_c"
"402","RUNARMS9A_6B","RUNARMS9A","RUNARMS","RUNARMS9","6","B","c","Grand_Bois","Reunion","6Bc","B_c"
"403","RUNARMS9A_6T","RUNARMS9A","RUNARMS","RUNARMS9","6","T","o","Grand_Bois","Reunion","6To","T_o"
"404","RUNARMS9A_7B","RUNARMS9A","RUNARMS","RUNARMS9","7","B","o","Grand_Bois","Reunion","7Bo","B_o"
"405","RUNARMS9A_7T","RUNARMS9A","RUNARMS","RUNARMS9","7","T","c","Grand_Bois","Reunion","7Tc","T_c"
"406","RUNARMS9A_8B","RUNARMS9A","RUNARMS","RUNARMS9","8","B","c","Grand_Bois","Reunion","8Bc","B_c"
"407","RUNARMS9A_8T","RUNARMS9A","RUNARMS","RUNARMS9","8","T","o","Grand_Bois","Reunion","8To","T_o"
"408","RUNARMS9A_9B","RUNARMS9A","RUNARMS","RUNARMS9","9","B","o","Grand_Bois","Reunion","9Bo","B_o"
"409","RUNARMS9B_1T","RUNARMS9B","RUNARMS","RUNARMS9","1","T","c","Grand_Bois","Reunion","1Tc","T_c"
"410","RUNARMS9B_2B","RUNARMS9B","RUNARMS","RUNARMS9","2","B","c","Grand_Bois","Reunion","2Bc","B_c"
"411","RUNARMS9B_2T","RUNARMS9B","RUNARMS","RUNARMS9","2","T","o","Grand_Bois","Reunion","2To","T_o"
"412","RUNARMS9B_3B","RUNARMS9B","RUNARMS","RUNARMS9","3","B","o","Grand_Bois","Reunion","3Bo","B_o"
"413","RUNARMS9B_3T","RUNARMS9B","RUNARMS","RUNARMS9","3","T","c","Grand_Bois","Reunion","3Tc","T_c"
"414","RUNARMS9B_4B","RUNARMS9B","RUNARMS","RUNARMS9","4","B","c","Grand_Bois","Reunion","4Bc","B_c"
"415","RUNARMS9B_4T","RUNARMS9B","RUNARMS","RUNARMS9","4","T","o","Grand_Bois","Reunion","4To","T_o"
"416","RUNARMS9B_5B","RUNARMS9B","RUNARMS","RUNARMS9","5","B","o","Grand_Bois","Reunion","5Bo","B_o"
"417","RUNARMS9B_5T","RUNARMS9B","RUNARMS","RUNARMS9","5","T","c","Grand_Bois","Reunion","5Tc","T_c"
"418","RUNARMS9B_6B","RUNARMS9B","RUNARMS","RUNARMS9","6","B","c","Grand_Bois","Reunion","6Bc","B_c"
"419","RUNARMS9B_6T","RUNARMS9B","RUNARMS","RUNARMS9","6","T","o","Grand_Bois","Reunion","6To","T_o"
"420","RUNARMS9B_7B","RUNARMS9B","RUNARMS","RUNARMS9","7","B","o","Grand_Bois","Reunion","7Bo","B_o"
"421","RUNARMS9B_7T","RUNARMS9B","RUNARMS","RUNARMS9","7","T","c","Grand_Bois","Reunion","7Tc","T_c"
"422","RUNARMS9B_8B","RUNARMS9B","RUNARMS","RUNARMS9","8","B","c","Grand_Bois","Reunion","8Bc","B_c"
"423","RUNARMS9B_8T","RUNARMS9B","RUNARMS","RUNARMS9","8","T","o","Grand_Bois","Reunion","8To","T_o"
"424","RUNARMS9B_9B","RUNARMS9B","RUNARMS","RUNARMS9","9","B","o","Grand_Bois","Reunion","9Bo","B_o"
"425","RUNARMS9C_1T","RUNARMS9C","RUNARMS","RUNARMS9","1","T","c","Grand_Bois","Reunion","1Tc","T_c"
"426","RUNARMS9C_2B","RUNARMS9C","RUNARMS","RUNARMS9","2","B","c","Grand_Bois","Reunion","2Bc","B_c"
"427","RUNARMS9C_2T","RUNARMS9C","RUNARMS","RUNARMS9","2","T","o","Grand_Bois","Reunion","2To","T_o"
"428","RUNARMS9C_3B","RUNARMS9C","RUNARMS","RUNARMS9","3","B","o","Grand_Bois","Reunion","3Bo","B_o"
"429","RUNARMS9C_3T","RUNARMS9C","RUNARMS","RUNARMS9","3","T","c","Grand_Bois","Reunion","3Tc","T_c"
"430","RUNARMS9C_4B","RUNARMS9C","RUNARMS","RUNARMS9","4","B","c","Grand_Bois","Reunion","4Bc","B_c"
"431","RUNARMS9C_4T","RUNARMS9C","RUNARMS","RUNARMS9","4","T","o","Grand_Bois","Reunion","4To","T_o"
"432","RUNARMS9C_5B","RUNARMS9C","RUNARMS","RUNARMS9","5","B","o","Grand_Bois","Reunion","5Bo","B_o"
"433","RUNARMS9C_5T","RUNARMS9C","RUNARMS","RUNARMS9","5","T","c","Grand_Bois","Reunion","5Tc","T_c"
"434","RUNARMS9C_6B","RUNARMS9C","RUNARMS","RUNARMS9","6","B","c","Grand_Bois","Reunion","6Bc","B_c"
"435","RUNARMS9C_6T","RUNARMS9C","RUNARMS","RUNARMS9","6","T","o","Grand_Bois","Reunion","6To","T_o"
"436","RUNARMS9C_7B","RUNARMS9C","RUNARMS","RUNARMS9","7","B","o","Grand_Bois","Reunion","7Bo","B_o"
"437","RUNARMS9C_7T","RUNARMS9C","RUNARMS","RUNARMS9","7","T","c","Grand_Bois","Reunion","7Tc","T_c"
"438","RUNARMS9C_8B","RUNARMS9C","RUNARMS","RUNARMS9","8","B","c","Grand_Bois","Reunion","8Bc","B_c"
"439","RUNARMS9C_8T","RUNARMS9C","RUNARMS","RUNARMS9","8","T","o","Grand_Bois","Reunion","8To","T_o"
"440","RUNARMS9C_9B","RUNARMS9C","RUNARMS","RUNARMS9","9","B","o","Grand_Bois","Reunion","9Bo","B_o"
